"","playerID","seasons"
"1","aaronha01",23
"2","aasedo01",13
"3","abadfe01",11
"4","abbated01",10
"5","abbotgl01",12
"6","abbotji01",11
"7","abbotku01",10
"8","abbotpa01",12
"9","abernte02",17
"10","abramca01",10
"11","abreubo01",20
"12","accarje01",10
"13","aceveju01",10
"14","ackerji01",12
"15","adairje01",15
"16","adamsba01",19
"17","adamsbo03",15
"18","adamsma01",12
"19","adamsmi03",11
"20","adamssp01",14
"21","adamste01",12
"22","adcocjo01",17
"23","adriaeh01",11
"24","affelje01",15
"25","ageeto01",13
"26","agostju01",15
"27","aguaylu01",11
"28","aguilje01",11
"29","aguilri01",19
"30","aguirha01",16
"31","ainsmed01",17
"32","akerja01",14
"33","alberma01",15
"34","aldremi01",13
"35","aldresc01",12
"36","alexado01",23
"37","alexama02",12
"38","alexape01",21
"39","alfonan01",11
"40","alfoned01",13
"41","alicelu01",13
"42","allenbe01",13
"43","allendi01",15
"44","allenet01",15
"45","allenjo02",15
"46","allenne01",14
"47","alleyge01",11
"48","allisbo01",13
"49","allisdo01",12
"50","almadme01",10
"51","almonab01",12
"52","almonbi01",17
"53","alomaro01",19
"54","alomasa01",18
"55","alomasa02",22
"56","alonsyo01",12
"57","aloufe01",19
"58","alouje01",16
"59","alouma01",17
"60","aloumo01",18
"61","altroni01",21
"62","altuvjo01",12
"63","alvarjo02",10
"64","alvarlu01",12
"65","alvarwi01",15
"66","amalfjo01",10
"67","amarari01",10
"68","amaroru01",11
"69","amesre01",20
"70","amezaal01",11
"71","anderbr01",16
"72","anderbr02",14
"73","anderbr04",14
"74","anderda02",10
"75","anderga01",17
"76","anderjo01",17
"77","anderla02",19
"78","anderma02",14
"79","andinro01",10
"80","andreiv01",10
"81","andruel01",15
"82","andujjo01",14
"83","ankieri01",13
"84","ansonca01",27
"85","anthoer01",10
"86","antonjo02",13
"87","aparilu01",18
"88","appieke01",18
"89","applepe01",17
"90","applilu01",20
"91","aquinlu01",10
"92","archech01",11
"93","archeji01",14
"94","arenano01",10
"95","ariasal01",11
"96","armasto01",14
"97","armasto02",10
"98","armstsh01",11
"99","arrieja01",14
"100","arrigge01",11
"101","arroybr01",16
"102","ashburi01",15
"103","ashbyal01",17
"104","ashbyan01",16
"105","asprobo01",13
"106","asproke01",11
"107","assenpa01",16
"108","astacpe01",18
"109","astrojo01",10
"110","auerbri01",11
"111","augusje01",10
"112","aukerel01",10
"113","aurilri01",16
"114","ausmubr01",19
"115","austiji01",18
"116","averiea01",14
"117","averyst01",11
"118","avilaal01",14
"119","avilabo01",13
"120","avilalu01",12
"121","avilemi01",11
"122","axforjo01",14
"123","ayalabe01",10
"124","ayalalu01",12
"125","aybarer01",13
"126","aybarma01",10
"127","ayersdo01",10
"128","azcuejo01",15
"129","backmwa01",14
"130","baergca01",16
"131","baezda01",11
"132","baezja01",10
"133","bagbyji02",10
"134","bagweje01",15
"135","bahnsst01",19
"136","bailebi01",12
"137","bailebo01",18
"138","baileed01",16
"139","baileho02",15
"140","bailobo01",11
"141","baineha01",27
"142","bairddo01",10
"143","bairdo01",18
"144","bakerdu01",19
"145","bakerfl01",15
"146","bakerfr01",13
"147","bakerje03",14
"148","bakersc02",10
"149","bakopa01",14
"150","balbost01",12
"151","baldwja01",14
"152","balfogr01",13
"153","bancrda01",17
"154","bandoch01",10
"155","bandosa01",16
"156","bankhsc01",10
"157","bankser01",19
"158","bankswi01",12
"159","bannial01",14
"160","bannifl01",15
"161","barajro01",15
"162","barbest01",18
"163","bardjo01",11
"164","barfije01",13
"165","barkele01",12
"166","barmecl01",13
"167","barneda01",10
"168","barneja01",10
"169","barneje01",14
"170","barnevi01",10
"171","barrebi02",11
"172","barreji01",10
"173","barrema02",10
"174","barremi01",13
"175","barrere01",12
"176","barrji01",12
"177","barryja01",12
"178","barrysh01",15
"179","bartedi01",19
"180","bartlja01",10
"181","bartobo01",10
"182","bassan01",12
"183","bassech01",10
"184","basske01",16
"185","bastaan01",10
"186","bastich01",10
"187","batemjo01",11
"188","batesjo02",12
"189","batismi01",21
"190","batisto01",13
"191","batteea01",13
"192","battijo01",12
"193","battsma01",12
"194","bauerha01",14
"195","bauertr01",11
"196","baumafr01",11
"197","baumhfr01",11
"198","bautida01",14
"199","bautide01",10
"200","bautijo01",10
"201","bautijo02",21
"202","bayja01",13
"203","baylodo01",20
"204","beaucji01",12
"205","beaumgi01",12
"206","beckbo01",13
"207","beckebe01",10
"208","beckegl01",11
"209","beckejo02",15
"210","beckeri01",11
"211","beckhgo01",13
"212","becklja01",22
"213","beckro01",14
"214","bedarer01",12
"215","bedroca01",10
"216","bedrost01",15
"217","beggsjo01",10
"218","beimejo01",14
"219","belanma01",18
"220","belchti01",15
"221","belinst01",14
"222","belisma01",16
"223","bellbu01",20
"224","bellda01",16
"225","bellde01",11
"226","belleal01",12
"227","bellga01",14
"228","bellge02",12
"229","bellgu01",16
"230","bellhe01",11
"231","bellhma01",12
"232","bellira01",17
"233","belliro01",15
"234","bellja01",18
"235","beltbr01",12
"236","beltrad01",21
"237","beltrca01",23
"238","benchjo01",17
"239","bendech01",16
"240","benedbr01",12
"241","benesan01",15
"242","bengera01",13
"243","bengobe01",10
"244","beniqju01",18
"245","benitar01",18
"246","benjami01",13
"247","bennech01",15
"248","bennega01",15
"249","benoijo01",18
"250","bensokr01",10
"251","bentlja01",10
"252","bentoal01",14
"253","bentola01",15
"254","bentoru01",16
"255","benzito01",10
"256","berarjo01",13
"257","bereja01",14
"258","berenju01",17
"259","bergebi01",11
"260","bergewa01",14
"261","bergmda01",18
"262","bergmo01",16
"263","berkmla01",16
"264","bernato01",12
"265","bernhbi01",10
"266","berrada01",11
"267","berrayo01",19
"268","berrera01",12
"269","berroan01",10
"270","berroge01",13
"271","berrych02",12
"272","berryda01",11
"273","berryke01",14
"274","berryse01",12
"275","bertore01",12
"276","beschbo01",11
"277","betande01",10
"278","betanra01",13
"279","betanyu01",10
"280","betemwi01",14
"281","bettshu01",10
"282","bevacku01",17
"283","bibbyji01",14
"284","bicheda01",15
"285","bielemi01",15
"286","bierblo01",13
"287","bigbeca01",11
"288","biggicr01",20
"289","biittla01",15
"290","bilkost01",12
"291","billija01",14
"292","billijo01",11
"293","birddo01",12
"294","bishoma01",12
"295","blackbu02",17
"296","blackch02",12
"297","blackew01",11
"298","blackti01",11
"299","bladera01",10
"300","blaehge01",12
"301","blairpa01",18
"302","blairwi01",13
"303","blakeca01",15
"304","blakesh01",12
"305","blancan01",10
"306","blancgr01",11
"307","blanche01",17
"308","blancjo01",10
"309","blantjo01",16
"310","blasido01",15
"311","blasiwa01",12
"312","blassst01",10
"313","blausje01",13
"314","blefacu01",10
"315","blevije01",13
"316","bloodji01",12
"317","bloomwi01",15
"318","blowemi01",11
"319","bluegos01",18
"320","bluelu01",13
"321","bluevi01",17
"322","blumge01",15
"323","blylebe01",24
"324","bocachi01",10
"325","boccajo01",12
"326","bochtbr01",13
"327","boddimi01",15
"328","boehrbr01",11
"329","boevejo01",14
"330","bogaexa01",10
"331","boggswa01",18
"332","bohanbr01",13
"333","bolinbo01",14
"334","bollifr01",12
"335","bondeje01",10
"336","bondsba01",22
"337","bondsbo01",15
"338","bondto01",11
"339","bonesri01",13
"340","bonhabi01",10
"341","bonhati01",10
"342","bonifem01",15
"343","bonilbo01",19
"344","bonneba01",10
"345","booneaa01",13
"346","boonebo01",19
"347","boonebr01",15
"348","boonera01",18
"349","borbope01",13
"350","borbope02",10
"351","bordafr01",11
"352","bordepa01",22
"353","bordimi01",15
"354","borlato02",10
"355","borowha01",13
"356","borowjo01",14
"357","bosioch01",11
"358","boskish01",11
"359","bosleth01",15
"360","bosmadi01",13
"361","bostoda01",12
"362","bosweke01",11
"363","bottari01",12
"364","botteke01",12
"365","bottoji01",16
"366","boudrlo01",15
"367","bourjpe01",10
"368","bournmi01",14
"369","boutoji01",11
"370","bowala01",17
"371","bowerfr01",16
"372","bowmajo01",12
"373","boxbebr01",11
"374","boydbo01",10
"375","boydoi01",11
"376","boyerbl01",14
"377","boyercl02",16
"378","boyerke01",17
"379","boyleja01",13
"380","brachbr01",13
"381","bradfbu01",14
"382","bradfch01",13
"383","bradlbi01",14
"384","bradlge01",13
"385","bradlja02",11
"386","bradlmi01",14
"387","bradlsc01",11
"388","braggda01",14
"389","brancra01",14
"390","branded01",11
"391","brandja01",13
"392","bransje01",10
"393","branski01",13
"394","brantje01",14
"395","brantmi02",14
"396","branyru01",20
"397","braunry02",14
"398","braunst01",17
"399","braxtga01",12
"400","brazlal01",10
"401","breamsi01",13
"402","brechha01",12
"403","breitte01",11
"404","brenlbo01",10
"405","breslcr01",16
"406","bresnro01",18
"407","bressed01",12
"408","bressru01",20
"409","brettge01",21
"410","brettke01",17
"411","breweji01",18
"412","bridgro01",14
"413","bridgto01",16
"414","bridwal01",12
"415","briggjo02",14
"416","brignre01",10
"417","brilene01",15
"418","brinked01",17
"419","brittza01",13
"420","brocado01",15
"421","brockgr01",10
"422","brocklo01",20
"423","brodist01",14
"424","brognri01",10
"425","brohaja01",10
"426","brookhu01",15
"427","brookto01",12
"428","brosisc01",11
"429","brosnji01",12
"430","broutda01",20
"431","broweji01",12
"432","brownbu01",11
"433","browncl01",15
"434","brownem01",11
"435","brownga01",13
"436","brownge01",15
"437","brownha01",16
"438","brownje01",10
"439","brownju01",13
"440","brownke01",19
"441","brownla01",13
"442","brownle01",10
"443","brownll01",13
"444","brownma01",11
"445","brownmo01",15
"446","brownol02",16
"447","brownpe01",16
"448","brownto01",19
"449","brownto02",11
"450","brownto05",12
"451","broxtjo01",16
"452","brubabi01",10
"453","bruceja01",17
"454","brunato01",17
"455","brunege01",19
"456","brusswa01",10
"457","brutobi01",12
"458","buchhcl01",13
"459","buckjo01",13
"460","bucknbi01",25
"461","buechst01",14
"462","buehrma01",16
"463","buelofr01",10
"464","buffich01",11
"465","buforda01",10
"466","bufordo01",10
"467","buhlbo01",17
"468","buhneja01",16
"469","bumbral01",14
"470","bumgama01",14
"471","bunniji01",18
"472","burbada01",18
"473","burdele01",21
"474","burdoja01",19
"475","burgesm01",20
"476","burgmto01",17
"477","burkebo01",10
"478","burkeed01",11
"479","burkeje01",16
"480","burkejo03",16
"481","burketi01",10
"482","burksel01",19
"483","burleri01",13
"484","burneaj01",17
"485","burnese01",10
"486","burnije01",16
"487","burnsge01",15
"488","burnsge02",19
"489","burnsoy01",14
"490","burnsto01",13
"491","burrepa01",13
"492","burrira01",17
"493","burroje01",16
"494","busbyji01",17
"495","bushdo01",17
"496","bushgu01",18
"497","bushjo01",19
"498","bushodo01",13
"499","bushra01",12
"500","butchma01",12
"501","buterdr01",15
"502","butersa01",10
"503","butlebi03",11
"504","butlebr01",18
"505","buzhajo01",13
"506","byerlbu01",12
"507","byrdati01",12
"508","byrdma01",19
"509","byrdpa01",17
"510","byrnebo01",14
"511","byrneer01",13
"512","byrneto01",15
"513","cabelen01",16
"514","cabreas01",19
"515","cabreme01",16
"516","cabremi01",20
"517","cabreor01",18
"518","cadargr01",14
"519","cadorle01",11
"520","cahiltr01",15
"521","cainlo01",13
"522","cainma01",13
"523","cairomi01",19
"524","caldeiv01",12
"525","caldwmi01",15
"526","caldwra02",13
"527","calhoko01",11
"528","callaal01",13
"529","callani01",13
"530","callijo01",16
"531","camacer01",11
"532","camermi01",18
"533","camildo01",13
"534","caminke01",16
"535","camniho01",12
"536","campabe01",20
"537","camparo01",10
"538","campbbi02",15
"539","campbbr01",14
"540","campbda01",10
"541","campsh01",11
"542","candaca01",10
"543","candejo01",23
"544","candito01",18
"545","cangejo01",13
"546","cannich01",14
"547","canoro01",19
"548","cansejo01",19
"549","cantujo01",10
"550","cantwbe01",13
"551","capuach01",13
"552","carbobe01",16
"553","cardejo02",21
"554","cardele01",16
"555","cardwdo01",16
"556","carewro01",19
"557","careyan01",13
"558","careyma01",21
"559","carlsha01",15
"560","carltst01",27
"561","carmado01",10
"562","carmofa01",12
"563","carpech01",15
"564","carpehi01",12
"565","carpema01",12
"566","carraca01",13
"567","carrach01",11
"568","carragi01",11
"569","carrahe01",14
"570","carrema01",11
"571","carribi02",10
"572","carrocl01",11
"573","carrocl02",17
"574","carroja01",13
"575","carroow01",11
"576","carseki01",13
"577","cartega01",19
"578","cartejo01",17
"579","cartyri01",18
"580","carutbo01",11
"581","casalcu01",10
"582","casanpa01",10
"583","casanra01",10
"584","casege01",11
"585","caseydo01",11
"586","caseyhu01",10
"587","caseyse01",13
"588","cashda01",12
"589","cashnan01",12
"590","cashno01",17
"591","casiala01",11
"592","cassijo01",12
"593","castege01",13
"594","casteni01",11
"595","castial01",13
"596","castica01",10
"597","castifr01",14
"598","castilu01",16
"599","castito02",13
"600","castivi02",18
"601","castiwe01",12
"602","castrbi01",10
"603","castrja01",13
"604","castrju01",20
"605","castrmi01",10
"606","castrra01",14
"607","castrst01",12
"608","catalfr01",14
"609","caterda01",13
"610","causewa01",14
"611","cavarph01",22
"612","cecilbr01",10
"613","cedence01",18
"614","cedenro01",11
"615","cedenro02",12
"616","cedenxa01",12
"617","cepedor01",19
"618","ceronri01",18
"619","cervbo01",15
"620","cervefr01",14
"621","cespeyo01",10
"622","ceyro01",17
"623","chacijh01",16
"624","chacosh01",10
"625","chafian01",11
"626","chakabo01",10
"627","chalkda01",10
"628","chambch01",18
"629","chambel01",12
"630","chambjo03",11
"631","chancde01",12
"632","chancfr01",17
"633","chandsp01",11
"634","chaneda01",11
"635","chapmar01",14
"636","chapmbe01",19
"637","chapmsa01",12
"638","charlno01",15
"639","chaseha01",17
"640","chatwty01",11
"641","chaveen01",14
"642","chaveer01",17
"643","chaveje01",21
"644","chavera01",11
"645","chenbr01",22
"646","chenela01",12
"647","chesbja01",12
"648","childcu01",13
"649","chipmbo01",13
"650","chiriro01",12
"651","chitiha01",11
"652","choatra01",16
"653","choosh01",17
"654","chrisja01",14
"655","chrisla01",11
"656","chrisma01",10
"657","cicoted01",15
"658","cimolgi01",12
"659","cirilje01",15
"660","cishest01",15
"661","cissebi01",10
"662","clancji01",16
"663","clappjo01",11
"664","clarkbo02",13
"665","clarkbr02",11
"666","clarkda05",14
"667","clarkfr01",21
"668","clarkho01",11
"669","clarkja01",18
"670","clarkjo01",13
"671","clarkma01",11
"672","clarkni01",11
"673","clarkto01",10
"674","clarkto02",16
"675","clarkwa02",14
"676","clarkwi02",16
"677","claytro01",20
"678","clearma01",11
"679","clemedo01",10
"680","clemeja01",18
"681","clemepa01",10
"682","clemero01",18
"683","clemero02",24
"684","clenddo01",13
"685","clevere01",14
"686","cliftha01",13
"687","clinege01",10
"688","clinety01",15
"689","clingbi01",10
"690","clintji01",10
"691","clintlo01",11
"692","clippty01",20
"693","clonito01",13
"694","coaklan01",10
"695","coangi01",13
"696","coateji01",10
"697","cobbal01",11
"698","cobbty01",24
"699","cochrmi01",13
"700","coffmdi01",16
"701","coghlch01",10
"702","cokeph01",11
"703","colavro01",16
"704","colbena01",12
"705","colboji01",11
"706","colbrgr01",15
"707","colege01",10
"708","colemjo01",10
"709","colemjo04",11
"710","colemjo05",18
"711","colemvi01",14
"712","colesda01",17
"713","collida02",16
"714","collied01",25
"715","colliji01",16
"716","collijo01",10
"717","collipa01",10
"718","colliri01",11
"719","collish01",16
"720","colluja01",12
"721","colomal01",11
"722","colomje01",11
"723","colonba01",23
"724","combsea01",12
"725","comisch01",13
"726","comorad01",10
"727","conceda01",19
"728","coneda01",19
"729","coninje01",20
"730","conlege01",11
"731","connasa01",12
"732","connoro01",19
"733","conrowi01",11
"734","consobi01",13
"735","consusa01",11
"736","contrjo01",13
"737","cookaa01",11
"738","cookde01",19
"739","cooledu01",14
"740","coombja01",14
"741","coonejo01",21
"742","coopece01",17
"743","coopemo01",13
"744","coopewa01",21
"745","coopewi01",16
"746","coraal01",16
"747","corajo01",12
"748","corbipa01",10
"749","corcola01",10
"750","corcoto01",18
"751","cordefr01",16
"752","cordewi01",16
"753","corkhpo01",13
"754","cormirh01",17
"755","corrapa01",10
"756","correke01",14
"757","corsiji01",11
"758","cottich01",10
"759","cottohe01",11
"760","cottsne01",11
"761","coughbi01",10
"762","counscr01",18
"763","courtcl01",13
"764","covelst01",14
"765","covinwe01",15
"766","cowanbi01",10
"767","cowenal01",14
"768","coxbi02",11
"769","coxda01",12
"770","craigro01",12
"771","crainje01",10
"772","cramedo01",20
"773","crandde01",16
"774","cranddo01",12
"775","craneed01",12
"776","cranesa01",10
"777","cravaga01",12
"778","crawfbr01",12
"779","crawfca02",15
"780","crawfsa01",19
"781","crawfst01",10
"782","crawfwi01",15
"783","credejo01",10
"784","creekdo01",10
"785","crigelo01",16
"786","crispco01",16
"787","critzhu01",13
"788","cromawa01",10
"789","cronijo01",20
"790","crosefr01",17
"791","crossla01",23
"792","crossmo01",15
"793","crowdal01",14
"794","crowlte01",16
"795","cruiswa01",11
"796","cruzde01",10
"797","cruzhe01",11
"798","cruzja01",11
"799","cruzjo01",19
"800","cruzjo02",15
"801","cruzju01",11
"802","cruzju02",12
"803","cruzne02",19
"804","cuccito01",17
"805","cuddymi01",15
"806","cuellmi01",15
"807","cuetojo01",16
"808","culbech01",10
"809","cullero01",14
"810","culpra01",11
"811","culvege01",11
"812","cummimi01",13
"813","cunnibe01",13
"814","cunnijo01",13
"815","cuppyni01",10
"816","curtich01",12
"817","curtijo01",16
"818","custja01",10
"819","cuthbne01",10
"820","cutshge01",12
"821","cuyleki01",19
"822","daalom01",13
"823","dacqujo01",12
"824","dahlebi01",21
"825","dahlgba01",15
"826","dailyco01",13
"827","dailyed01",11
"828","dalcabr01",12
"829","daleybu01",11
"830","dalryab01",12
"831","dalrycl01",12
"832","dalyto01",18
"833","damonjo01",18
"834","danfoda01",10
"835","danksjo01",10
"836","danniha01",10
"837","darenvi01",10
"838","darkal01",17
"839","darliro01",15
"840","darnatr01",12
"841","darviyu01",11
"842","darwibo01",12
"843","darwida01",25
"844","daubeja01",15
"845","dauerri01",10
"846","daultda01",15
"847","daussho01",15
"848","davalvi01",19
"849","davenji01",13
"850","davisch01",19
"851","davisch02",14
"852","daviscu01",15
"853","davisdi01",10
"854","davisdo02",15
"855","daviser01",18
"856","davisge01",20
"857","davisgl01",10
"858","davisha01",25
"859","davisjo02",11
"860","daviskh01",10
"861","daviski01",10
"862","davisma01",18
"863","davismi02",10
"864","davisra01",17
"865","davisro02",13
"866","davissp01",18
"867","davisst02",15
"868","davisto02",23
"869","daviswa01",13
"870","daviswi02",19
"871","dawsoan01",21
"872","dayleke01",12
"873","dealch01",12
"874","deandi01",12
"875","deazaal01",13
"876","deberha01",11
"877","decindo01",16
"878","deckege01",10
"879","deerro01",12
"880","dejeami01",13
"881","dejesda01",16
"882","dejesiv01",15
"883","delahed01",16
"884","delahji01",15
"885","delarjo01",17
"886","deleojo01",17
"887","delgaca01",17
"888","delgawi01",11
"889","delgrbo01",12
"890","delluda01",15
"891","delocik01",12
"892","delosva01",10
"893","delsiji01",13
"894","delucri01",11
"895","demaejo01",11
"896","demarfr02",13
"897","demetdo01",14
"898","demonge01",12
"899","dempsri01",25
"900","dempsry01",18
"901","dennyje01",15
"902","dennyjo01",14
"903","denorch01",11
"904","dentbu01",13
"905","dernibo01",10
"906","derosma01",17
"907","derripa01",16
"908","desauge01",13
"909","descada01",10
"910","deshaji01",13
"911","deshide01",14
"912","desmoia01",11
"913","desseel01",17
"914","detwiro01",17
"915","devermi01",13
"916","devliar01",10
"917","devorjo01",10
"918","diazbo01",14
"919","diazei01",11
"920","diazma02",12
"921","dickebi01",17
"922","dickebu01",10
"923","dickeco01",12
"924","dickera01",15
"925","dicksmu01",20
"926","diekmja01",15
"927","dierkla01",14
"928","dietrbi01",18
"929","difelmi01",15
"930","dilonmi01",16
"931","dimagdo01",11
"932","dimagjo01",13
"933","dimagvi01",12
"934","dinnebi01",13
"935","dipinfr01",13
"936","disarga01",12
"937","ditmaar01",10
"938","doakbi01",17
"939","dobbsgr01",12
"940","dobsojo01",14
"941","dobsopa01",12
"942","dobyla01",14
"943","doerrbo01",14
"944","dohened01",10
"945","dolanco01",12
"946","donahji02",11
"947","donahre01",14
"948","donaljo02",13
"949","donlimi01",14
"950","donneji01",12
"951","donohpe01",14
"952","donovbi01",18
"953","donovdi01",15
"954","donovpa01",20
"955","dooinre01",16
"956","doolami01",15
"957","doolise01",13
"958","doranbi02",13
"959","dorgami01",11
"960","dorisha01",12
"961","doteloc01",20
"962","dotsori01",13
"963","doughpa01",12
"964","douglph01",12
"965","doumiry01",10
"966","douthta01",13
"967","dowdto01",12
"968","downial01",18
"969","downibr01",20
"970","downssc01",16
"971","doyleja01",21
"972","doylela01",15
"973","doziebr01",10
"974","drabedo01",13
"975","drabomo01",20
"976","dragodi01",14
"977","drakeol01",11
"978","drewjd01",14
"979","drewska01",10
"980","drewst01",14
"981","driesda01",18
"982","dropowa01",16
"983","drurybr01",10
"984","drysddo01",14
"985","duceyro01",17
"986","dudalu01",12
"987","duensbr01",10
"988","duffyda01",11
"989","duffyfr01",11
"990","duffyhu01",17
"991","duganjo01",15
"992","dugglbi01",10
"993","dukeza01",18
"994","duncada01",11
"995","duncama01",15
"996","dunlafr01",14
"997","dunnad01",16
"998","dunnja01",10
"999","dunnmi01",11
"1000","dunstsh01",21
"1001","durbich01",15
"1002","durenry01",13
"1003","durhale01",11
"1004","durhara01",16
"1005","durocle01",18
"1006","dusaker01",10
"1007","duvalad01",11
"1008","dwyerfr01",14
"1009","dwyerji01",23
"1010","dyeje01",15
"1011","dyerdu01",14
"1012","dykesji01",22
"1013","dykstle01",13
"1014","dysonja01",14
"1015","dysonsa01",11
"1016","earnsge01",11
"1017","easleda01",18
"1018","easlemi01",15
"1019","easteja01",14
"1020","eastwra01",10
"1021","eatonad01",11
"1022","eatonad02",11
"1023","eckerde01",25
"1024","eckstda01",11
"1025","edmonji01",19
"1026","edwarbr01",11
"1027","edwarca01",10
"1028","edwarha01",14
"1029","edwarjo01",14
"1030","egandi01",10
"1031","eganto01",10
"1032","eggleda01",12
"1033","ehmkeho01",16
"1034","ehretre01",11
"1035","eichhma01",12
"1036","eilanda01",10
"1037","eischjo01",11
"1038","eisenji01",16
"1039","elartsc01",12
"1040","elberki01",15
"1041","eldreca01",14
"1042","elliobo01",16
"1043","ellioju01",11
"1044","ellisaj01",12
"1045","ellisdo01",16
"1046","ellisjo01",13
"1047","ellisma01",13
"1048","ellsbja01",11
"1049","ellswdi01",15
"1050","elsteke01",14
"1051","elstodo01",10
"1052","elybo01",15
"1053","embreal01",20
"1054","encared01",18
"1055","encarju01",13
"1056","englecl01",10
"1057","engliwo01",12
"1058","ennisde01",15
"1059","eovalna01",13
"1060","epstemi01",12
"1061","erickpa01",10
"1062","ericksc01",17
"1063","erskica01",12
"1064","erstada01",14
"1065","escobal02",13
"1066","escobed01",15
"1067","escobke01",12
"1068","escobyu01",12
"1069","esperdu01",13
"1070","espinal01",13
"1071","espinda01",10
"1072","espossa01",11
"1073","essiaji01",12
"1074","estalbo02",11
"1075","esterdu01",12
"1076","estessh01",14
"1077","estrama01",12
"1078","etchean01",16
"1079","ethiean01",12
"1080","evansal01",12
"1081","evansda01",22
"1082","evansdw01",20
"1083","evansjo01",11
"1084","evelada01",12
"1085","everead01",11
"1086","evereca01",16
"1087","eversho01",17
"1088","eversjo01",19
"1089","ewingbo01",11
"1090","ewingbu01",18
"1091","eyresc01",15
"1092","faberre01",20
"1093","fabrejo01",13
"1094","facero01",17
"1095","faheybi01",11
"1096","fainfe01",10
"1097","fairlro01",23
"1098","falcope01",10
"1099","falkbi01",12
"1100","falkecy01",14
"1101","familje01",13
"1102","farmeed01",14
"1103","farnsky01",21
"1104","farredo01",12
"1105","farredu01",20
"1106","farreja02",13
"1107","farretu01",16
"1108","farrst01",12
"1109","fasansa01",14
"1110","fasseje01",19
"1111","feldemi01",10
"1112","feldmsc01",15
"1113","felizmi01",11
"1114","felizne01",13
"1115","felizpe01",12
"1116","fellebo01",18
"1117","fergual01",13
"1118","fergubo01",14
"1119","fergujo01",17
"1120","fermife01",10
"1121","fernaal01",10
"1122","fernasi01",16
"1123","fernato01",19
"1124","ferreri01",21
"1125","ferrewe01",17
"1126","ferrito01",12
"1127","fettemi01",19
"1128","fewstch01",12
"1129","fickro01",11
"1130","fieldce01",15
"1131","fieldpr01",12
"1132","fienca01",10
"1133","fiersmi01",13
"1134","figgich01",12
"1135","figuene01",10
"1136","fingero01",17
"1137","finlech01",18
"1138","finlest01",20
"1139","finnelo01",17
"1140","fischbi01",13
"1141","fischca01",10
"1142","fischmi01",10
"1143","fisheed02",18
"1144","fisheja01",11
"1145","fishera01",10
"1146","fiskca01",24
"1147","fistedo01",11
"1148","fitzged01",14
"1149","fitzgmi02",10
"1150","fitzmal01",11
"1151","fitzsfr01",20
"1152","flackma01",13
"1153","flagsir01",16
"1154","flahejo01",15
"1155","flahepa02",10
"1156","flanami01",19
"1157","flannti01",11
"1158","fletcar01",14
"1159","fletcda01",15
"1160","fletcel01",13
"1161","fletcsc01",16
"1162","flickel01",14
"1163","flintsi01",13
"1164","floodcu01",15
"1165","florera01",10
"1166","florewi01",10
"1167","floribr01",10
"1168","floweja01",11
"1169","flowety01",12
"1170","floydcl01",19
"1171","floydga01",13
"1172","flynndo01",14
"1173","foileha01",16
"1174","foleyto02",15
"1175","foliti01",18
"1176","fonsele01",13
"1177","fontwi01",10
"1178","footeba01",12
"1179","forceda01",17
"1180","fordda01",11
"1181","fordho01",16
"1182","fordwh01",16
"1183","fordybr01",11
"1184","foremfr01",15
"1185","fornimi01",15
"1186","forscbo01",17
"1187","forscke01",16
"1188","forstte01",16
"1189","forsylo01",11
"1190","fossato01",14
"1191","fossera01",13
"1192","fosteal01",10
"1193","fosteed02",14
"1194","fostege01",20
"1195","fothebo01",13
"1196","foulkke01",12
"1197","fournja01",15
"1198","foutzda01",13
"1199","fowlede01",14
"1200","fowledi01",10
"1201","foxan01",11
"1202","foxch02",11
"1203","foxne01",19
"1204","foxpe01",13
"1205","foxxji01",21
"1206","foytapa01",12
"1207","francbe01",10
"1208","francfr01",10
"1209","francje01",13
"1210","francje02",16
"1211","francjo01",21
"1212","francju01",25
"1213","francte01",10
"1214","francti01",19
"1215","frankfr02",14
"1216","frankry01",13
"1217","frasech01",15
"1218","frasoja01",15
"1219","frazige01",12
"1220","frazito01",13
"1221","freehbi01",15
"1222","freelry01",10
"1223","freembu01",11
"1224","freemfr01",13
"1225","freemma02",12
"1226","freesda01",12
"1227","freesge02",15
"1228","fregoji01",20
"1229","frencla01",15
"1230","freylo01",16
"1231","freyst01",10
"1232","friaspe01",10
"1233","fribebe01",15
"1234","frienbo01",17
"1235","frierer01",10
"1236","friscfr01",19
"1237","friseda01",11
"1238","frommar01",11
"1239","frymatr01",13
"1240","frymawo01",20
"1241","fuentbr01",14
"1242","fuentti01",13
"1243","fuldsa01",10
"1244","fulmech01",12
"1245","furcara01",15
"1246","furilca01",15
"1247","gabrile02",12
"1248","gaettga01",22
"1249","gagliph01",13
"1250","gagneer01",11
"1251","gagnegr01",15
"1252","gainede01",11
"1253","galanau01",18
"1254","galaran01",20
"1255","galehde01",16
"1256","gallada01",11
"1257","gallayo01",13
"1258","gallemi01",13
"1259","gallibe01",10
"1260","galloch01",10
"1261","gallojo01",10
"1262","galvifr01",12
"1263","galvipu01",17
"1264","gamblos01",18
"1265","gantnji01",17
"1266","gantro01",18
"1267","ganzech01",15
"1268","garagjo01",12
"1269","garbege01",22
"1270","garceri01",11
"1271","garciav01",12
"1272","garcica01",10
"1273","garcida01",11
"1274","garcifr02",17
"1275","garcija01",15
"1276","garcija02",13
"1277","garcika01",14
"1278","garciki01",10
"1279","garcile02",11
"1280","garcilu03",10
"1281","garcimi01",14
"1282","garcino01",15
"1283","gardnbi02",12
"1284","gardnbr01",14
"1285","gardngi01",11
"1286","gardnla01",17
"1287","gardnma01",13
"1288","gardnro01",10
"1289","garlajo01",14
"1290","garmami01",10
"1291","garmsde01",12
"1292","garnedu01",10
"1293","garneph01",18
"1294","garresc01",10
"1295","garrewa01",12
"1296","garrra01",14
"1297","garvene01",15
"1298","garvest01",19
"1299","garzama01",13
"1300","gastoci01",12
"1301","gastomi01",11
"1302","gaudich01",14
"1303","gausmke01",12
"1304","gearrco01",12
"1305","gedmari01",14
"1306","gehrich01",19
"1307","gehrilo01",17
"1308","geigega01",12
"1309","gelbech01",11
"1310","genewjo01",10
"1311","gentiji01",11
"1312","gentrcr01",10
"1313","gerbewa01",16
"1314","gerhajo01",17
"1315","germaes01",10
"1316","germaju01",10
"1317","gernedi01",13
"1318","geronce01",15
"1319","gessldo01",11
"1320","getzich01",10
"1321","gharrpa01",10
"1322","giambja01",21
"1323","gibbojo01",15
"1324","gibbsja01",10
"1325","gibsobo01",17
"1326","gibsoge01",14
"1327","gibsoki01",17
"1328","gibsoky01",11
"1329","gilesbr02",16
"1330","gilkebe01",14
"1331","gilliba01",10
"1332","gilliji01",14
"1333","gimench01",12
"1334","ginsbjo01",17
"1335","girarjo01",15
"1336","giustda01",16
"1337","givenmy01",11
"1338","gladdda01",11
"1339","gladdfr01",13
"1340","glanvdo01",10
"1341","glassja01",20
"1342","glaustr01",13
"1343","glavito02",22
"1344","gleaski01",23
"1345","gleatje01",12
"1346","gloadro01",10
"1347","glovega01",10
"1348","glynned01",10
"1349","goldspa01",12
"1350","goltzda01",13
"1351","gomesjo01",16
"1352","gomesya01",12
"1353","gomezca01",15
"1354","gomezch02",19
"1355","gomezje01",10
"1356","gomezle01",14
"1357","gomezru01",11
"1358","gondeje01",10
"1359","gonzaad01",16
"1360","gonzaal01",15
"1361","gonzaal02",18
"1362","gonzaca01",13
"1363","gonzaed01",11
"1364","gonzagi01",14
"1365","gonzajo02",10
"1366","gonzaju03",17
"1367","gonzalu01",20
"1368","gonzama01",12
"1369","gonzami01",18
"1370","gonzami02",12
"1371","gonzare01",13
"1372","gonzato01",15
"1373","goochjo01",13
"1374","goodedw01",18
"1375","goodmbi01",17
"1376","goodmiv01",10
"1377","goodwi01",12
"1378","goodwto01",16
"1379","gordoal01",14
"1380","gordode01",11
"1381","gordojo01",11
"1382","gordosi01",14
"1383","gordoto01",22
"1384","gorege01",15
"1385","gorzeto01",13
"1386","gosgeji01",12
"1387","gosligo01",19
"1388","gossari01",23
"1389","gosseph01",13
"1390","gotayju01",10
"1391","gottji01",15
"1392","gowdyha01",19
"1393","grabojo02",10
"1394","gracema01",16
"1395","gradymi01",12
"1396","graffto01",16
"1397","grammal01",12
"1398","grandcu01",18
"1399","grandya01",11
"1400","graneja01",14
"1401","grangwa01",10
"1402","granted01",11
"1403","grantge01",13
"1404","grantma01",11
"1405","grantmu01",18
"1406","graveda01",13
"1407","graydo02",10
"1408","grayso01",11
"1409","grayte01",12
"1410","grebecr01",12
"1411","greendi01",12
"1412","greenha01",13
"1413","greenle01",15
"1414","greenmi01",12
"1415","greenni01",10
"1416","greensh01",16
"1417","greensh02",12
"1418","greento02",11
"1419","greenwi01",10
"1420","gregelu01",11
"1421","greggke01",13
"1422","greggto01",10
"1423","gregodi01",11
"1424","greinza01",21
"1425","grichbo01",17
"1426","grievbe01",10
"1427","griffal01",18
"1428","griffcl01",22
"1429","griffke01",22
"1430","griffke02",23
"1431","griffmi01",12
"1432","griffto01",14
"1433","griffto02",15
"1434","grillja01",20
"1435","grimbo01",11
"1436","grimebu01",23
"1437","grimeos01",10
"1438","grimjo01",11
"1439","grimmch01",20
"1440","grimmju01",11
"1441","grimsja01",16
"1442","grimsro02",12
"1443","grissle01",10
"1444","grissma01",11
"1445","grissma02",17
"1446","groatdi01",15
"1447","grohhe01",17
"1448","gromest01",18
"1449","groombo01",10
"1450","groombu01",16
"1451","grossgr01",17
"1452","grosske01",15
"1453","grossro01",11
"1454","grosswa01",11
"1455","groteje01",18
"1456","grothjo01",17
"1457","grovele01",17
"1458","groveor01",10
"1459","grubbjo01",17
"1460","grubeke01",10
"1461","grudzma01",16
"1462","guantce01",10
"1463","guarded01",19
"1464","gubicma01",14
"1465","guerrja01",12
"1466","guerrma02",12
"1467","guerrmi01",10
"1468","guerrpe01",16
"1469","guerrvl01",16
"1470","guerrwi01",10
"1471","guettle01",12
"1472","guidrro01",14
"1473","guillca01",14
"1474","guilljo01",18
"1475","guilloz01",17
"1476","gullibi01",15
"1477","gumbead01",10
"1478","gumbeha01",18
"1479","gumpera01",12
"1480","gundeer01",11
"1481","gurala01",17
"1482","gustifr01",12
"1483","guthrje01",14
"1484","guthrma01",19
"1485","gutiefr01",12
"1486","gutieri01",13
"1487","guttedo01",12
"1488","guzmacr01",12
"1489","guzmaju01",12
"1490","gwynnch01",10
"1491","gwynnto01",20
"1492","haasbe01",10
"1493","haasmo01",12
"1494","haasmu01",12
"1495","habyajo01",13
"1496","hackewa02",13
"1497","hackst01",16
"1498","haddiha01",15
"1499","hadlebu01",18
"1500","haefnmi01",10
"1501","hafeych01",13
"1502","hafnetr01",12
"1503","haineje01",19
"1504","hairsje01",15
"1505","hairsje02",19
"1506","hairssc01",14
"1507","halamjo01",10
"1508","haleda02",11
"1509","haleod01",11
"1510","halesa01",10
"1511","hallabi01",13
"1512","hallaro01",16
"1513","hallbi03",13
"1514","halldi01",19
"1515","halleto01",12
"1516","hallji02",12
"1517","hallmbi01",16
"1518","hallme01",14
"1519","hallto01",12
"1520","hallto02",10
"1521","hamelco01",17
"1522","hamilbi01",14
"1523","hamilbi02",13
"1524","hamilda01",11
"1525","hamilda02",15
"1526","hamilea01",16
"1527","hamilja01",10
"1528","hamiljo02",11
"1529","hamilst01",14
"1530","hammaat01",13
"1531","hammeja01",14
"1532","hammoch01",14
"1533","hammoje01",15
"1534","hamnegr01",18
"1535","hamptmi01",16
"1536","handbr01",15
"1537","handlle01",10
"1538","handsbi01",12
"1539","haneych01",13
"1540","haneyla01",14
"1541","hanigry01",11
"1542","hankifr01",10
"1543","hanlone01",13
"1544","hannaji01",11
"1545","hanseda01",16
"1546","hansero02",16
"1547","hansoer01",11
"1548","happja01",20
"1549","haranaa01",16
"1550","hardeme01",20
"1551","harderi01",10
"1552","hardyjj01",13
"1553","harenda01",15
"1554","hargast01",14
"1555","hargrbu01",12
"1556","hargrmi01",13
"1557","hargrpi01",12
"1558","harmote01",10
"1559","harnipe01",15
"1560","harpebr01",16
"1561","harpebr03",11
"1562","harpege02",13
"1563","harpeha01",10
"1564","harpeto01",16
"1565","harrato01",17
"1566","harrebu01",16
"1567","harreke01",13
"1568","harribr01",10
"1569","harribu01",12
"1570","harrige01",11
"1571","harrigr01",18
"1572","harrijo03",12
"1573","harrijo05",13
"1574","harrile01",23
"1575","harrimi01",11
"1576","harrisl01",10
"1577","harriwi01",12
"1578","harriwi02",10
"1579","harshja01",12
"1580","hartco01",11
"1581","hartji01",13
"1582","hartlgr01",14
"1583","hartnga01",20
"1584","hartsto01",14
"1585","hartzro01",11
"1586","harvema01",10
"1587","haselbi01",13
"1588","hassero01",16
"1589","hasslan01",18
"1590","hatchbi01",15
"1591","hatchch02",10
"1592","hatchmi01",12
"1593","hatfifr01",12
"1594","hatfigi01",10
"1595","hattesc01",14
"1596","hattogr01",16
"1597","havenbr01",10
"1598","hawkian01",11
"1599","hawkila01",24
"1600","hawlepi01",10
"1601","hawpebr01",10
"1602","hayesch01",16
"1603","hayesfr01",17
"1604","hayesja02",14
"1605","hayesvo01",12
"1606","hayneji01",10
"1607","haynejo01",14
"1608","haywora01",17
"1609","headlch01",13
"1610","healyfr02",10
"1611","healyjo01",10
"1612","heanean01",10
"1613","hearnji01",14
"1614","heathcl01",17
"1615","heathje01",15
"1616","heathmi02",15
"1617","heatone01",14
"1618","hebneri01",19
"1619","hechaad01",13
"1620","heepda01",13
"1621","heffndo01",12
"1622","heganji01",19
"1623","heganmi01",15
"1624","heideja01",10
"1625","heilmha01",17
"1626","heimafr01",14
"1627","heintke01",14
"1628","heisebo01",13
"1629","heldwo01",18
"1630","hellije01",11
"1631","helliri01",15
"1632","helmsto01",15
"1633","helmswe01",13
"1634","heltoto01",17
"1635","hembrhe01",13
"1636","hemmige01",11
"1637","hemphch01",13
"1638","hemslro01",22
"1639","hemusso01",12
"1640","hendeda01",16
"1641","hendeke01",18
"1642","henderi01",29
"1643","hendest01",12
"1644","hendrcl01",10
"1645","hendrel01",14
"1646","hendrge01",20
"1647","hendrha01",13
"1648","hendrli01",13
"1649","hendrma01",11
"1650","henketo01",14
"1651","henlibu01",12
"1652","hennemi01",11
"1653","henrito01",11
"1654","henrybi01",18
"1655","henrydo01",12
"1656","henrydw01",12
"1657","hentgpa01",14
"1658","herbera01",15
"1659","herbero01",10
"1660","heredfe01",12
"1661","heredgi01",11
"1662","hergema01",14
"1663","hermaba01",14
"1664","hermabi01",17
"1665","hermadu01",13
"1666","hermage01",11
"1667","hermije01",10
"1668","hernaca01",11
"1669","hernace02",11
"1670","hernada01",11
"1671","hernaen02",10
"1672","hernafe02",15
"1673","hernajo01",19
"1674","hernake01",18
"1675","hernali01",22
"1676","hernaor01",10
"1677","hernara01",11
"1678","hernara02",15
"1679","hernaro01",20
"1680","hernawi01",14
"1681","hernaxa01",11
"1682","herndla01",14
"1683","herreke01",11
"1684","herriar01",11
"1685","herrmed01",13
"1686","herrto01",16
"1687","hershmi01",11
"1688","hershor01",18
"1689","herzobu01",16
"1690","heskejo01",13
"1691","hessot01",10
"1692","hevinjo02",14
"1693","heywaja01",13
"1694","hiattja01",11
"1695","hickmch01",16
"1696","hickmji02",13
"1697","hicksaa01",10
"1698","hidalri01",10
"1699","higbeki01",15
"1700","higgibo02",11
"1701","higgipi01",15
"1702","highan01",14
"1703","hildeor01",10
"1704","hillaa01",15
"1705","hillca01",11
"1706","hillech01",10
"1707","hillejo01",15
"1708","hillesh02",10
"1709","hillgl01",17
"1710","hillke01",17
"1711","hillko01",11
"1712","hillma01",15
"1713","hillri01",21
"1714","hinchbi01",10
"1715","hinespa01",21
"1716","hinsker01",14
"1717","hintoch01",11
"1718","hislela01",14
"1719","hitchbi01",10
"1720","hitchst01",15
"1721","hoagmy01",15
"1722","hoakdo01",11
"1723","hoblidi01",12
"1724","hockide01",13
"1725","hodapjo01",10
"1726","hodgegi01",18
"1727","hodgero01",12
"1728","hoeftbi01",18
"1729","hoernjo01",16
"1730","hoffmda01",10
"1731","hoffmgl01",10
"1732","hoffmtr01",19
"1733","hofmaso01",16
"1734","hogansh01",13
"1735","hogsech01",12
"1736","hoilech01",10
"1737","holadbr01",11
"1738","holbebi01",13
"1739","holkewa01",12
"1740","hollaal01",12
"1741","hollade01",14
"1742","hollagr01",13
"1743","hollato01",16
"1744","hollial01",14
"1745","hollibu01",10
"1746","hollida01",14
"1747","hollima01",16
"1748","holloke01",10
"1749","holmeda01",16
"1750","holmedu01",13
"1751","holmeto01",11
"1752","holtbr01",11
"1753","holtji01",10
"1754","holtzke01",17
"1755","honeyri01",24
"1756","hooddo01",11
"1757","hoopeha01",17
"1758","hootobu01",16
"1759","hoppjo01",18
"1760","horlejo01",12
"1761","hornebo01",10
"1762","hornsro01",24
"1763","hornujo01",12
"1764","hortowi01",21
"1765","hosleti01",10
"1766","hosmeer01",13
"1767","houcksa01",10
"1768","houghch01",26
"1769","housefr03",10
"1770","houstty01",11
"1771","houttar01",14
"1772","howarel01",15
"1773","howarfr01",17
"1774","howarry01",13
"1775","howarth01",13
"1776","howear01",11
"1777","howelha01",13
"1778","howelja01",15
"1779","howelja02",12
"1780","howeljp01",12
"1781","howelro02",12
"1782","howest01",13
"1783","howrybo01",15
"1784","hoydu01",14
"1785","hoytwa01",25
"1786","hraboal01",13
"1787","hrbekke01",14
"1788","hubbagl01",12
"1789","hubbatr01",12
"1790","hubbeca01",16
"1791","hudlere01",14
"1792","hudliwi01",19
"1793","hudsoda01",16
"1794","hudsoor01",12
"1795","hudsosi01",13
"1796","hudsoti01",17
"1797","huffau01",15
"1798","huffda01",10
"1799","huggimi01",13
"1800","hugheja02",11
"1801","hugheph01",13
"1802","hughero01",10
"1803","hugheto01",15
"1804","huismma01",11
"1805","huletti01",12
"1806","humeto01",12
"1807","hummejo01",12
"1808","humphbo01",10
"1809","hundlni01",13
"1810","hundlra01",14
"1811","hundlto01",14
"1812","huntebr01",11
"1813","huntebr02",12
"1814","hunteca01",15
"1815","hunteto01",19
"1816","hunteto02",18
"1817","huntro01",13
"1818","hurdlcl01",10
"1819","hurstbr01",16
"1820","husonje01",12
"1821","hutchfr01",11
"1822","huttoto01",13
"1823","iannech01",14
"1824","ibanera01",20
"1825","iglesjo01",13
"1826","incavpe01",15
"1827","infanom01",16
"1828","ingebr01",14
"1829","iorgda01",12
"1830","irwinar01",14
"1831","irwinch01",11
"1832","isbelfr01",10
"1833","ishiktr01",11
"1834","isrinja01",17
"1835","iviemi01",13
"1836","izturce01",16
"1837","izturma01",11
"1838","jacklfr01",13
"1839","jacksal01",11
"1840","jacksau01",12
"1841","jacksda02",17
"1842","jacksda03",15
"1843","jacksda04",13
"1844","jacksed01",23
"1845","jacksgr01",21
"1846","jacksjo01",14
"1847","jacksla01",15
"1848","jacksmi02",17
"1849","jacksra01",12
"1850","jacksre01",21
"1851","jacksro02",12
"1852","jacksro03",10
"1853","jacksso01",12
"1854","jackstr01",15
"1855","jacobba01",15
"1856","jacobbr01",12
"1857","jacobel01",11
"1858","jahajo01",10
"1859","jamesbi01",11
"1860","jamesbo01",10
"1861","jamesch02",13
"1862","jamesdi01",12
"1863","jamiech01",19
"1864","janseke01",13
"1865","janvrha01",12
"1866","jarvike01",16
"1867","javieju01",13
"1868","javiest01",20
"1869","jayjo01",14
"1870","jayjo02",13
"1871","jeffcha01",13
"1872","jeffcmi01",11
"1873","jeffegr01",15
"1874","jeffeje01",11
"1875","jeffere01",10
"1876","jeffrje01",14
"1877","jenkife01",20
"1878","jenkige01",11
"1879","jennihu01",21
"1880","jenseja01",12
"1881","jepseke01",12
"1882","jeterde01",20
"1883","jimenda01",11
"1884","jimenub01",13
"1885","johnsal01",14
"1886","johnsbi03",10
"1887","johnsbo01",13
"1888","johnsbo02",14
"1889","johnsch04",14
"1890","johnsch05",10
"1891","johnscl01",19
"1892","johnsda02",14
"1893","johnsda06",11
"1894","johnsde01",21
"1895","johnsdo01",11
"1896","johnser01",11
"1897","johnsha01",12
"1898","johnsho01",14
"1899","johnsja01",23
"1900","johnsja02",13
"1901","johnsje01",11
"1902","johnsji01",14
"1903","johnsji04",15
"1904","johnsjo07",10
"1905","johnske02",17
"1906","johnske05",16
"1907","johnsla03",15
"1908","johnsni01",11
"1909","johnsra05",24
"1910","johnsre02",14
"1911","johnsro02",12
"1912","johnssi01",19
"1913","johnssy01",20
"1914","johnswa01",21
"1915","johnswa03",10
"1916","johnto01",28
"1917","jonesad01",14
"1918","jonesan01",17
"1919","jonesba01",10
"1920","jonesbo03",10
"1921","jonesch01",16
"1922","jonesch05",10
"1923","jonesch06",19
"1924","jonescl01",13
"1925","jonesda01",16
"1926","jonesda03",10
"1927","jonesdo01",18
"1928","jonesfi01",15
"1929","jonesgo01",11
"1930","jonesja04",11
"1931","jonesma01",10
"1932","jonesna01",11
"1933","jonesra01",10
"1934","jonesru01",12
"1935","jonessa01",22
"1936","jonessa02",12
"1937","jonesto02",19
"1938","joneswi01",17
"1939","joosted01",17
"1940","jordabr01",15
"1941","jordabu01",12
"1942","jorgear01",11
"1943","jorgemi01",20
"1944","josefe01",12
"1945","joshuvo01",11
"1946","joycema01",14
"1947","joynewa01",16
"1948","judenje01",11
"1949","judgejo01",21
"1950","juliojo01",12
"1951","jurgebi01",17
"1952","justida01",15
"1953","kaatji01",28
"1954","kahoemi01",14
"1955","kalinal01",22
"1956","kamiesc01",11
"1957","kammwi01",14
"1958","kampoal01",11
"1959","kaplega01",14
"1960","karkoro01",12
"1961","karroer01",14
"1962","karsast01",13
"1963","kaskoed01",10
"1964","kaufmto01",14
"1965","kazmisc01",15
"1966","kearnau01",14
"1967","keefeti01",15
"1968","keelewi01",20
"1969","keenaji01",11
"1970","kekicmi01",10
"1971","kellech01",13
"1972","kellejo01",19
"1973","kellemi02",12
"1974","kellesh01",12
"1975","kellge01",19
"1976","kellnal01",13
"1977","kellyge01",18
"1978","kellyjo05",12
"1979","kellyki01",18
"1980","kellypa01",15
"1981","kellyro01",17
"1982","keltnke01",13
"1983","kemmeru01",12
"1984","kempma01",16
"1985","kempst01",11
"1986","kendafr01",12
"1987","kendaja01",16
"1988","kendrho01",16
"1989","kendrky01",10
"1990","kennead01",14
"1991","kennebo01",21
"1992","kennebr01",12
"1993","kenneia01",18
"1994","kennejo03",13
"1995","kennejo04",10
"1996","kennete02",14
"1997","kenneve01",16
"1998","kensilo01",10
"1999","kentje01",19
"2000","keougma01",13
"2001","keougma02",11
"2002","keppije01",10
"2003","kernji01",15
"2004","kershcl01",15
"2005","kessido01",17
"2006","keuchda01",13
"2007","keyji01",15
"2008","kiermke01",10
"2009","kileda01",12
"2010","killebi01",13
"2011","killefr01",12
"2012","killeha01",22
"2013","kilroma01",10
"2014","kimbrcr01",14
"2015","kimby01",13
"2016","kindaje01",10
"2017","kindeel01",13
"2018","kinerra01",11
"2019","kingemi01",10
"2020","kingje01",11
"2021","kingji01",13
"2022","kingmda01",19
"2023","kingra01",11
"2024","kingsi01",11
"2025","kinslia01",15
"2026","kinslto01",11
"2027","kintzbr01",14
"2028","kipnija01",10
"2029","kirklwi01",10
"2030","kirkped01",18
"2031","kisonbr01",15
"2032","kitsofr01",11
"2033","kittlro01",12
"2034","kittrma01",19
"2035","klausbi01",11
"2036","kleinch01",19
"2037","kleinre01",10
"2038","kleskry01",16
"2039","klimclo01",13
"2040","klinero01",20
"2041","klinest02",12
"2042","klingjo01",14
"2043","klippjo01",20
"2044","klubeco01",12
"2045","kluszte01",16
"2046","kluttcl01",12
"2047","knabeot01",12
"2048","kneppbo01",16
"2049","knickbi01",10
"2050","knighra01",14
"2051","knoblch01",12
"2052","knoopbo01",10
"2053","knorrra01",11
"2054","knottja01",12
"2055","knowlda01",17
"2056","koenima01",13
"2057","kollodo01",13
"2058","kolpra01",12
"2059","konerpa01",19
"2060","koneted01",16
"2061","konstji01",13
"2062","kontoge01",11
"2063","kooncca01",12
"2064","koosmje01",20
"2065","kopfla01",10
"2066","koscoan01",11
"2067","kosloda01",13
"2068","kotchca01",12
"2069","kotsama01",19
"2070","kottage01",10
"2071","koufasa01",12
"2072","kralija01",10
"2073","krameja01",13
"2074","kraneed01",18
"2075","kratzer01",15
"2076","krausle02",12
"2077","kreevmi01",13
"2078","kremera01",10
"2079","kressre01",17
"2080","kretllo01",12
"2081","kreutch01",18
"2082","kruegbi01",17
"2083","krukjo01",11
"2084","krukomi01",14
"2085","kubelja01",11
"2086","kubiate01",13
"2087","kuehnbi01",14
"2088","kuennha01",17
"2089","kuheljo01",19
"2090","kuipedu01",12
"2091","kuzavbo01",15
"2092","laabsch01",12
"2093","labincl01",15
"2094","lachaca01",12
"2095","lackejo01",16
"2096","lacorfr01",11
"2097","lacosmi01",14
"2098","lacyle01",17
"2099","laffeaa01",10
"2100","lagami01",10
"2101","lagarju01",10
"2102","lagrole01",11
"2103","lahoujo01",12
"2104","lairdge01",13
"2105","lajoina01",22
"2106","lakeed01",11
"2107","lakemal01",10
"2108","lakerti01",12
"2109","lakest01",12
"2110","lamabja01",10
"2111","lamarbi01",10
"2112","lambja01",12
"2113","lambmi01",11
"2114","lampde01",16
"2115","lampkto01",13
"2116","landera01",10
"2117","landiji01",13
"2118","landrho01",16
"2119","landrke01",11
"2120","landrti01",11
"2121","langery01",13
"2122","langfri01",11
"2123","langsma01",17
"2124","lanieha01",10
"2125","laniema01",15
"2126","lankfra01",15
"2127","lannijo01",11
"2128","lansfca01",15
"2129","lansimi01",10
"2130","lapoida01",15
"2131","laporfr01",13
"2132","larkiba01",19
"2133","larkihe01",10
"2134","larocad01",14
"2135","larocda01",15
"2136","larsedo01",17
"2137","larueja01",12
"2138","laryfr01",15
"2139","laryly01",16
"2140","lasteto01",10
"2141","lathaar01",18
"2142","latmaba01",11
"2143","latosma01",12
"2144","lauch01",15
"2145","lavagco01",10
"2146","lavalmi01",13
"2147","lavando01",13
"2148","lavarry01",11
"2149","lavelga01",14
"2150","lawsoro01",10
"2151","lawtoma02",15
"2152","lawva01",11
"2153","lawve01",16
"2154","lazzeto01",15
"2155","leachfr01",10
"2156","leachri01",10
"2157","leachte01",12
"2158","leachto01",20
"2159","leagubr01",12
"2160","leakemi01",13
"2161","learyti01",15
"2162","leblawa01",18
"2163","ledeeri01",14
"2164","ledezwi01",12
"2165","leebi02",16
"2166","leebi03",14
"2167","leeca01",16
"2168","leecl02",15
"2169","leede02",17
"2170","leedo01",12
"2171","leele02",10
"2172","leema02",11
"2173","leeth01",16
"2174","leetr01",10
"2175","leevesa01",13
"2176","leffecr01",14
"2177","lehnepa01",10
"2178","leibeha01",10
"2179","leibone01",15
"2180","leibrch01",14
"2181","leifile01",13
"2182","leipeda01",11
"2183","leiteal01",21
"2184","leitema01",12
"2185","lemahdj01",12
"2186","lemasde01",11
"2187","lemasjo01",14
"2188","lemkema01",11
"2189","lemonbo01",15
"2190","lemonch01",16
"2191","lemonji01",14
"2192","leonade01",12
"2193","leonadu01",11
"2194","leonadu02",20
"2195","leonaje01",16
"2196","leonedo01",10
"2197","leonsa01",12
"2198","lepcite01",12
"2199","lerchra01",13
"2200","leskacu01",13
"2201","leslisa01",11
"2202","lestejo01",18
"2203","levinal01",11
"2204","lewisbu01",11
"2205","lewisco01",11
"2206","lewisda01",15
"2207","lewisdu01",11
"2208","lewisma01",12
"2209","leyriji01",15
"2210","lezcasi01",13
"2211","lidgebr01",11
"2212","lidleco01",11
"2213","liebejo01",14
"2214","liebemi01",14
"2215","lillibo01",11
"2216","lillyte01",17
"2217","limajo01",14
"2218","linceti01",10
"2219","lindad01",12
"2220","lindbpa01",16
"2221","lindejo01",14
"2222","lindjo01",10
"2223","lindsfr01",13
"2224","lindsji01",10
"2225","linebsc01",15
"2226","linzyfr01",12
"2227","liponjo01",11
"2228","liriafr01",17
"2229","liriane01",12
"2230","littldi01",13
"2231","litwhda01",14
"2232","livinmi01",13
"2233","livinsc01",10
"2234","lloydgr01",13
"2235","loaizes01",19
"2236","lobatjo01",10
"2237","loberha01",14
"2238","lockebo01",10
"2239","lockebo02",12
"2240","lockhke01",10
"2241","lockmwh01",17
"2242","lockwsk01",13
"2243","loducpa01",13
"2244","loeka01",11
"2245","loesbi01",12
"2246","loftoke01",20
"2247","loganbo02",13
"2248","loganjo01",14
"2249","lohrmbi01",12
"2250","lohseky01",18
"2251","lolicmi01",16
"2252","lollash01",18
"2253","lombaer01",17
"2254","lonboji01",15
"2255","loneyja01",12
"2256","longda02",14
"2257","longhe01",17
"2258","longoev01",15
"2259","loopebr01",12
"2260","lopated01",13
"2261","lopatst01",13
"2262","lopesda01",18
"2263","lopezal01",20
"2264","lopezal02",12
"2265","lopezau01",11
"2266","lopezfe01",16
"2267","lopezhe01",13
"2268","lopezja01",16
"2269","lopezja02",16
"2270","lopezjo01",11
"2271","lopezjo02",10
"2272","lopezlu02",12
"2273","lopezro01",11
"2274","lordha01",10
"2275","loretma01",16
"2276","loupaa01",12
"2277","lowdegr01",12
"2278","lowebo01",19
"2279","lowede01",19
"2280","lowelmi01",13
"2281","lowema01",13
"2282","lowenjo01",16
"2283","lowntu01",13
"2284","lowrepe01",15
"2285","lowrije01",14
"2286","lucasre01",16
"2287","lucrojo01",16
"2288","luderfr01",13
"2289","ludwiry01",15
"2290","lugoju01",15
"2291","lummi01",16
"2292","lumpeje01",13
"2293","luquedo01",20
"2294","luzingr01",15
"2295","lylesjo01",15
"2296","lylesp01",18
"2297","lynchje01",14
"2298","lynnfr01",18
"2299","lynnla01",12
"2300","lyonbr01",13
"2301","lyonsde01",13
"2302","lyonsst01",12
"2303","lyonste01",21
"2304","mabryjo01",17
"2305","macdomi01",14
"2306","macfada01",19
"2307","macfami01",14
"2308","machama01",12
"2309","macharo01",10
"2310","mackco01",11
"2311","mackra01",10
"2312","macksh01",10
"2313","maddoel01",11
"2314","maddoga01",16
"2315","maddugr01",25
"2316","maddumi01",17
"2317","madlobi01",18
"2318","madsory01",15
"2319","magadda01",17
"2320","mageele01",11
"2321","mageesh01",17
"2322","maglisa01",14
"2323","magnami01",12
"2324","mahayro01",18
"2325","mahlemi01",10
"2326","mahleri01",14
"2327","maholpa01",11
"2328","mahompa01",12
"2329","majesha01",17
"2330","maldoca01",18
"2331","maldoma01",15
"2332","malonji01",12
"2333","malonpa02",10
"2334","malzofr01",12
"2335","mamaual01",12
"2336","mancugu01",18
"2337","maniocl01",13
"2338","mannija01",13
"2339","manniri01",14
"2340","mannle01",19
"2341","manrifr01",10
"2342","mantema01",11
"2343","mantife01",11
"2344","mantlmi01",18
"2345","mantoje01",14
"2346","manushe01",19
"2347","manwaki01",14
"2348","manzajo01",13
"2349","maranra01",23
"2350","marbefi01",15
"2351","maricju01",16
"2352","marioma01",13
"2353","marisja01",12
"2354","marisro01",13
"2355","markani01",15
"2356","marmoca01",10
"2357","marquja01",17
"2358","marquru01",19
"2359","marreel01",12
"2360","marsaar01",10
"2361","marshdo01",10
"2362","marshmi01",17
"2363","marshmi02",13
"2364","marshwi01",12
"2365","marteda01",12
"2366","martest01",13
"2367","martial03",12
"2368","martibi02",13
"2369","martibu01",17
"2370","martica01",12
"2371","martida01",20
"2372","martide01",24
"2373","martied01",18
"2374","martijc01",14
"2375","martijd02",13
"2376","martije01",11
"2377","martile01",11
"2378","martimi02",10
"2379","martimo01",13
"2380","martipe01",13
"2381","martipe02",18
"2382","martira02",14
"2383","martira03",13
"2384","martiru01",14
"2385","martite01",10
"2386","martiti01",15
"2387","martiti02",16
"2388","martito02",12
"2389","martivi01",17
"2390","marzajo01",10
"2391","masiph01",15
"2392","masonji01",10
"2393","masonro01",11
"2394","masseni01",10
"2395","masteju01",10
"2396","mastewa02",16
"2397","mathebo01",16
"2398","mathech01",18
"2399","matheed01",18
"2400","mathemi01",13
"2401","mathetj01",10
"2402","mathije01",17
"2403","matlajo01",13
"2404","matsuhi01",10
"2405","matthga01",17
"2406","matthga02",15
"2407","mattido01",14
"2408","mauchge01",10
"2409","mauerjo01",15
"2410","maulal01",16
"2411","maxvida01",17
"2412","maxwech01",16
"2413","maybejo01",16
"2414","maybica01",18
"2415","mayca01",12
"2416","mayda01",14
"2417","mayde01",11
"2418","mayele01",16
"2419","mayerer01",10
"2420","mayja01",14
"2421","mayje01",11
"2422","mayle01",18
"2423","maymi01",17
"2424","maynebr01",17
"2425","mayru01",18
"2426","maysca01",16
"2427","mayswi01",23
"2428","mazerbi01",17
"2429","mazzile01",17
"2430","mcaleji01",13
"2431","mcauldi01",16
"2432","mcbeaal01",12
"2433","mcbriba01",12
"2434","mcbrige01",17
"2435","mccanbr01",15
"2436","mccaral01",10
"2437","mccarbr01",14
"2438","mccarda01",14
"2439","mccarja01",13
"2440","mccarjo03",11
"2441","mccarle01",11
"2442","mccarti01",24
"2443","mccarto01",13
"2444","mccaski01",12
"2445","mcclubo01",22
"2446","mccorba01",11
"2447","mccorfr01",14
"2448","mccorji01",12
"2449","mccormi02",12
"2450","mccormi03",17
"2451","mccosba01",14
"2452","mccovwi01",23
"2453","mccraqu01",13
"2454","mccrato01",14
"2455","mccreto01",12
"2456","mcculcl01",15
"2457","mccurha01",10
"2458","mccutan01",15
"2459","mcdanli01",22
"2460","mcdermi03",13
"2461","mcdonjo03",21
"2462","mcdougi01",10
"2463","mcdowja01",12
"2464","mcdowro01",14
"2465","mcdowsa01",16
"2466","mcelrch01",17
"2467","mcfared01",15
"2468","mcfartj01",10
"2469","mcgafan01",13
"2470","mcganda01",14
"2471","mcgarch01",11
"2472","mcgeami01",12
"2473","mcgeeja01",15
"2474","mcgeewi01",19
"2475","mcgehca01",10
"2476","mcginjo01",11
"2477","mcgloji01",10
"2478","mcgloly01",13
"2479","mcgowdu01",10
"2480","mcgrabo01",11
"2481","mcgrajo01",18
"2482","mcgratu01",19
"2483","mcgresc01",13
"2484","mcgrifr01",21
"2485","mcguide01",31
"2486","mcgwima01",17
"2487","mchugco01",11
"2488","mcinnst01",19
"2489","mcintma01",10
"2490","mckeaed01",13
"2491","mckecbi01",13
"2492","mclaide01",11
"2493","mcleala01",14
"2494","mclemma01",20
"2495","mclisca01",15
"2496","mclouna01",12
"2497","mcmahdo02",23
"2498","mcmahsa01",10
"2499","mcmanma01",16
"2500","mcmicgr01",11
"2501","mcmilro01",17
"2502","mcmulke01",17
"2503","mcnaier01",15
"2504","mcnalda01",14
"2505","mcnalmi01",10
"2506","mcphebi01",18
"2507","mcquige01",11
"2508","mcquige02",12
"2509","mcquihu01",12
"2510","mcraebr01",13
"2511","mcraeha01",19
"2512","mcreyke01",12
"2513","mcwilla01",15
"2514","meadobr01",10
"2515","meadole01",17
"2516","mechegi01",10
"2517","mecirji01",12
"2518","medicdo01",14
"2519","medwijo01",20
"2520","meekijo01",12
"2521","melanma01",17
"2522","melesa01",14
"2523","melhuad01",11
"2524","melilsk01",13
"2525","meltobi01",10
"2526","melvibo01",11
"2527","mendora01",10
"2528","menefjo01",10
"2529","menkede01",13
"2530","mercaor01",10
"2531","mercejo03",11
"2532","merceor01",15
"2533","merckke01",21
"2534","merklfr01",18
"2535","merlolo01",10
"2536","merribi01",11
"2537","merriji01",11
"2538","mertesa01",11
"2539","mesajo01",22
"2540","messean01",12
"2541","metkoca01",11
"2542","metzgro01",12
"2543","meusebo01",11
"2544","meuseir01",12
"2545","meyerch01",10
"2546","meyerda01",12
"2547","meyerru01",14
"2548","micelda01",18
"2549","michaca01",15
"2550","michage01",10
"2551","michaja01",12
"2552","mientdo01",13
"2553","mieskma01",10
"2554","mikkepe01",11
"2555","miksied01",17
"2556","milancl01",16
"2557","milbola01",14
"2558","mileywa01",13
"2559","millafe01",12
"2560","millake01",12
"2561","millean01",18
"2562","millebi02",17
"2563","millebo02",10
"2564","millebo04",23
"2565","millebr02",12
"2566","milleco01",12
"2567","milleda02",11
"2568","milledo01",13
"2569","milledo02",12
"2570","milleed03",14
"2571","milleno01",11
"2572","milleot01",13
"2573","milleri01",15
"2574","millesh01",11
"2575","millest01",17
"2576","milletr02",16
"2577","millijo01",11
"2578","millsal01",13
"2579","millwke01",16
"2580","milnaal01",10
"2581","milnejo01",14
"2582","milonto01",15
"2583","miltoer01",11
"2584","minchdo01",15
"2585","mingost01",11
"2586","minnepa01",10
"2587","minormi01",12
"2588","minosmi01",18
"2589","mintogr01",17
"2590","mirabdo01",14
"2591","mirabpa01",13
"2592","miranwi01",12
"2593","mitchcl01",20
"2594","mitchda01",12
"2595","mitchke01",15
"2596","mitchmi01",10
"2597","mitchwi01",12
"2598","mittege01",11
"2599","mizejo01",16
"2600","mizelvi01",11
"2601","mlickda01",13
"2602","moehlbr01",15
"2603","moellch01",12
"2604","moffira01",12
"2605","mogrige01",16
"2606","mohlemi01",10
"2607","molinbe01",14
"2608","molinbo01",11
"2609","molinjo01",16
"2610","molinya01",19
"2611","molitpa01",21
"2612","mollwfr01",10
"2613","monbobi01",13
"2614","mondari01",19
"2615","mondera01",16
"2616","moneydo01",16
"2617","mongesi01",13
"2618","monrocr01",10
"2619","montawi01",20
"2620","montejo01",14
"2621","montemi01",14
"2622","monteri01",10
"2623","montgbo01",10
"2624","montgje01",13
"2625","moonwa01",12
"2626","moorech02",15
"2627","mooredo01",13
"2628","mooreea01",16
"2629","mooreed01",11
"2630","moorege03",15
"2631","moorejo01",11
"2632","moorejo02",12
"2633","moorema02",12
"2634","mooremi01",14
"2635","moorera01",11
"2636","moorera02",12
"2637","moorete01",11
"2638","moosebo01",10
"2639","moralfr01",11
"2640","moralje01",15
"2641","moraljo01",14
"2642","moralke01",15
"2643","morame01",14
"2644","moranmi01",12
"2645","moranpa01",14
"2646","mordemi01",13
"2647","morelke01",13
"2648","morelmi01",13
"2649","morenom01",14
"2650","morgabo01",10
"2651","morgacy01",12
"2652","morgajo02",22
"2653","morgami01",25
"2654","morgato01",13
"2655","moriage02",13
"2656","morneju01",15
"2657","morriha02",14
"2658","morrija02",18
"2659","morriji01",15
"2660","morrijo01",15
"2661","morrijo04",10
"2662","morrilo01",11
"2663","morrima01",12
"2664","morrobr01",12
"2665","morsemi01",15
"2666","mortoch02",15
"2667","mortogu01",11
"2668","morynwa01",10
"2669","mosebll01",12
"2670","mosesje01",10
"2671","mosesjo01",11
"2672","moseswa01",18
"2673","mossbr01",13
"2674","mossido01",12
"2675","mossle01",15
"2676","mostijo01",10
"2677","motagu01",16
"2678","motama01",21
"2679","moustmi01",13
"2680","mowremi01",14
"2681","moyerja01",27
"2682","moylape01",12
"2683","muellbi02",12
"2684","muelldo01",12
"2685","muellhe01",12
"2686","muellra01",16
"2687","mujiced01",13
"2688","mulhote01",26
"2689","mullato01",15
"2690","mullige01",15
"2691","mullipa01",10
"2692","mullira01",16
"2693","mulvejo01",13
"2694","mumphje01",16
"2695","muncrbo01",13
"2696","mungere01",11
"2697","mungova01",14
"2698","munozmi01",13
"2699","munsoth01",11
"2700","murcebo01",18
"2701","murphda02",16
"2702","murphda05",19
"2703","murphda07",12
"2704","murphda08",13
"2705","murphdw01",12
"2706","murphed02",12
"2707","murphjo04",13
"2708","murphmo01",12
"2709","murphro01",13
"2710","murphto02",15
"2711","murrada01",15
"2712","murraed02",23
"2713","murrare01",12
"2714","murreiv01",10
"2715","muserto01",10
"2716","musiast01",22
"2717","mussimi01",18
"2718","myattgl01",17
"2719","myerbu01",18
"2720","myersbr01",13
"2721","myersgr01",22
"2722","myershy01",16
"2723","myersmi01",16
"2724","myersra01",15
"2725","myerswi01",10
"2726","nadyxa01",15
"2727","nagych01",14
"2728","napolmi01",13
"2729","naragha01",11
"2730","nashbi01",15
"2731","nathajo01",17
"2732","navardi01",15
"2733","navarja01",13
"2734","neaglde01",15
"2735","needhto01",11
"2736","nehfar01",18
"2737","nelsoca01",15
"2738","nelsoda01",10
"2739","nelsoge01",14
"2740","nelsoje01",16
"2741","nelsoro01",12
"2742","nenro01",11
"2743","neshepa01",14
"2744","nettlgr01",22
"2745","nevinph01",16
"2746","newcodo01",12
"2747","newhoha01",17
"2748","newsobo01",29
"2749","newsosk01",12
"2750","niarhgu01",10
"2751","nicasju01",12
"2752","nichobi01",16
"2753","nichoki01",16
"2754","nicolhu01",10
"2755","nicosst01",10
"2756","niedeto01",11
"2757","niekrjo01",25
"2758","niekrph01",26
"2759","niemabo01",15
"2760","niesejo01",10
"2761","nievewi01",13
"2762","niggejo01",11
"2763","nitkocj01",13
"2764","nixja01",10
"2765","nixla01",12
"2766","nixonot01",18
"2767","nixonru01",13
"2768","nixontr01",12
"2769","nokesma01",13
"2770","nolanga01",11
"2771","nolanjo01",12
"2772","nolasri01",14
"2773","nolesdi01",13
"2774","nomohi01",13
"2775","nordhwa01",10
"2776","norenir01",15
"2777","normafr01",19
"2778","norribu01",13
"2779","norrida01",12
"2780","norrimi01",10
"2781","northbi01",12
"2782","northji01",14
"2783","northro01",15
"2784","nortogr01",14
"2785","nottedo01",10
"2786","novaiv01",12
"2787","nunamle01",13
"2788","nunezab01",12
"2789","nunezed01",15
"2790","nunezed02",13
"2791","nunezvl01",10
"2792","nuxhajo01",17
"2793","oatesjo01",12
"2794","oberkke01",19
"2795","obriech01",17
"2796","obriepe03",12
"2797","ochoaal01",10
"2798","oconnda02",11
"2799","oconnja01",22
"2800","odayda01",16
"2801","odeake01",13
"2802","odellbi01",14
"2803","odombl01",15
"2804","odonojo01",10
"2805","odorija01",12
"2806","odoulle01",12
"2807","oeschjo01",15
"2808","oestero01",13
"2809","ofarrbo01",24
"2810","offerjo01",17
"2811","officro01",11
"2812","oflaher01",13
"2813","oglivbe01",16
"2814","ohkato01",12
"2815","ohlenro01",10
"2816","ohmanwi01",11
"2817","ojedabo01",15
"2818","oldriru01",14
"2819","olearch01",11
"2820","oleartr01",11
"2821","olerujo01",18
"2822","olivaom01",15
"2823","olivato01",15
"2824","oliveal01",20
"2825","olivebo01",10
"2826","oliveda02",22
"2827","olivege01",13
"2828","olivejo01",15
"2829","olivomi01",15
"2830","olsongr01",17
"2831","olsoniv01",15
"2832","omallto01",10
"2833","oneilmi02",10
"2834","oneilpa01",17
"2835","oneilst01",17
"2836","oneilti01",10
"2837","ontivst02",10
"2838","oquenjo01",12
"2839","ordonma01",15
"2840","oroscje01",26
"2841","orourfr01",14
"2842","orourji01",23
"2843","orrda01",10
"2844","orsuljo01",14
"2845","ortajo01",16
"2846","ortegph01",10
"2847","orthal01",16
"2848","ortizda01",20
"2849","ortizju01",14
"2850","ortizra01",13
"2851","ortizru01",13
"2852","osikke01",10
"2853","osteecl01",20
"2854","osterfr01",17
"2855","osunaan01",11
"2856","oswalro01",14
"2857","otisam01",17
"2858","otoolji01",10
"2859","ottavad01",12
"2860","ottme01",22
"2861","outlaji01",10
"2862","overbly01",16
"2863","overmst01",11
"2864","owchibo01",10
"2865","owenmi01",13
"2866","owensji01",12
"2867","owensp01",14
"2868","owingch01",11
"2869","ozunama01",10
"2870","pacioto01",20
"2871","padilvi01",16
"2872","pafkoan01",18
"2873","paganan01",11
"2874","paganjo01",16
"2875","pagliji01",12
"2876","paglimi01",13
"2877","pagnoto01",12
"2878","paintla01",11
"2879","palicer01",10
"2880","palldo01",12
"2881","palmeda01",10
"2882","palmede01",15
"2883","palmeji01",19
"2884","palmeor01",13
"2885","palmera01",20
"2886","panikjo01",10
"2887","papeljo01",13
"2888","pappami01",19
"2889","paquecr01",11
"2890","parenfr01",12
"2891","parenma01",15
"2892","parkch01",19
"2893","parkebl01",11
"2894","parkeda01",20
"2895","parmero01",10
"2896","parneme01",10
"2897","parrage01",15
"2898","parreje01",12
"2899","parrila01",16
"2900","parrila02",20
"2901","pascuca02",19
"2902","paskedo01",15
"2903","pasquda01",10
"2904","passecl01",14
"2905","patekfr01",14
"2906","pattebo01",13
"2907","patteco01",14
"2908","pattima01",13
"2909","pauljo01",10
"2910","pavanca01",16
"2911","pavledo01",12
"2912","paytoja01",14
"2913","peacobr01",10
"2914","peacojo01",11
"2915","pearcst01",17
"2916","pearsal02",10
"2917","pearsmo01",10
"2918","peavyja01",18
"2919","peckiro01",18
"2920","pederjo01",10
"2921","pedrodu01",14
"2922","peitzhe01",16
"2923","pelfrmi01",12
"2924","peltyba01",11
"2925","penaal01",18
"2926","penabr01",12
"2927","penaca01",16
"2928","penaor01",18
"2929","penato01",19
"2930","penawi01",10
"2931","pencehu01",16
"2932","pendlte01",16
"2933","pennicl01",12
"2934","pennohe01",23
"2935","pennybr01",16
"2936","pepitjo01",14
"2937","peralda01",10
"2938","peraljh01",16
"2939","peraljo01",13
"2940","peralwi01",10
"2941","percitr01",14
"2942","perezed01",14
"2943","perezed02",11
"2944","perezhe01",11
"2945","perezma01",12
"2946","perezma02",11
"2947","perezne01",15
"2948","perezod01",11
"2949","perezol01",23
"2950","perezpa01",11
"2951","perezsa02",11
"2952","perezto01",23
"2953","perezto03",12
"2954","perkicy01",17
"2955","perkigl01",12
"2956","perraro01",15
"2957","perripo01",11
"2958","perryga01",25
"2959","perryge01",13
"2960","perryhe01",10
"2961","perryji01",19
"2962","persoro01",10
"2963","peskyjo01",12
"2964","peterfr01",13
"2965","peterga01",14
"2966","peterja01",10
"2967","peterjo01",11
"2968","peterru02",10
"2969","petityu01",14
"2970","petrage01",12
"2971","petrori01",13
"2972","petryda01",15
"2973","pettian01",18
"2974","pettiga01",12
"2975","pfefffr01",17
"2976","pfeffje01",15
"2977","phamth01",11
"2978","phelpba01",11
"2979","phelpda01",13
"2980","phelped01",12
"2981","phelpjo01",10
"2982","phelpke01",14
"2983","phillad01",10
"2984","phillbi01",10
"2985","phillbr01",18
"2986","phillbu02",10
"2987","phillda01",24
"2988","phillde01",13
"2989","phillja02",10
"2990","phillmi01",14
"2991","phillto02",20
"2992","piazzmi01",18
"2993","picciro01",10
"2994","pichahi01",10
"2995","picinva01",19
"2996","piercbi02",18
"2997","pierrju01",14
"2998","piersji01",19
"2999","pierzaj01",20
"3000","pikeli01",11
"3001","pillake01",12
"3002","pineijo01",13
"3003","pinielo01",18
"3004","pinknge01",10
"3005","pinsova01",18
"3006","pipgrge01",12
"3007","pippwa01",15
"3008","pizarju01",22
"3009","planked01",17
"3010","plantph01",10
"3011","plesada01",20
"3012","plouftr01",10
"3013","plummbi01",10
"3014","plunker01",16
"3015","pocorbi01",10
"3016","podbibu01",10
"3017","podrejo01",16
"3018","podsesc01",12
"3019","polanpl01",18
"3020","politcl01",10
"3021","polleho01",17
"3022","polloaj01",11
"3023","polonlu01",17
"3024","pomerdr01",13
"3025","ponsosi01",15
"3026","pooleji02",16
"3027","popovpa01",12
"3028","porceri01",12
"3029","portebo01",16
"3030","porteda02",17
"3031","portuma01",16
"3032","posadjo01",17
"3033","poseybu01",12
"3034","postwa01",17
"3035","pottene01",15
"3036","powelbo01",17
"3037","powelja01",17
"3038","powelja03",13
"3039","powelja04",13
"3040","powerdo01",14
"3041","powerte01",15
"3042","powervi01",15
"3043","pradoma01",15
"3044","prattde01",13
"3045","prattto02",15
"3046","preslal01",10
"3047","pressry01",11
"3048","priceda01",16
"3049","pricejo02",12
"3050","priddbo01",11
"3051","priddje01",11
"3052","pridecu01",12
"3053","princto01",18
"3054","pruitro01",10
"3055","pryorgr01",10
"3056","puckeki01",12
"3057","puhlte01",15
"3058","pujolal01",23
"3059","puntoni01",15
"3060","purcebl01",16
"3061","purkebo01",13
"3062","putzjj01",12
"3063","pytlafr01",12
"3064","quallch01",17
"3065","quantpa01",17
"3066","questjo01",12
"3067","quinnja01",24
"3068","quinnjo02",20
"3069","quinthu01",13
"3070","quintjo01",14
"3071","quintom01",10
"3072","quirkja01",21
"3073","quirogu01",10
"3074","quiseda01",13
"3075","raburry01",12
"3076","radatdi01",10
"3077","radboch01",12
"3078","radclri01",11
"3079","raderda01",10
"3080","raderdo02",12
"3081","radfopa01",12
"3082","radinsc01",11
"3083","radkebr01",12
"3084","raffeke01",16
"3085","raganpa01",15
"3086","raineti01",24
"3087","ramiral03",10
"3088","ramirar01",20
"3089","ramirer02",12
"3090","ramirha01",16
"3091","ramirjo01",10
"3092","ramirma02",21
"3093","ramirne01",10
"3094","ramirno01",10
"3095","ramirra01",13
"3096","ramirra02",10
"3097","ramosaj01",10
"3098","ramosdo01",12
"3099","ramospe01",17
"3100","ramoswi01",15
"3101","randajo01",13
"3102","randlle01",12
"3103","randowi01",19
"3104","ransoco01",14
"3105","rapppa01",11
"3106","raridbi01",12
"3107","raschvi01",11
"3108","rasmuco01",11
"3109","rasmude01",15
"3110","rasmuer01",10
"3111","rauchjo01",14
"3112","rawlesh01",13
"3113","rawlijo01",15
"3114","rayjo01",11
"3115","raymocl01",14
"3116","rayro02",10
"3117","readyra01",15
"3118","reardje01",18
"3119","rebouje01",12
"3120","reddijo01",14
"3121","redmama01",12
"3122","redmomi01",13
"3123","redusga01",14
"3124","reedad01",10
"3125","reedho01",11
"3126","reedje01",11
"3127","reedje02",19
"3128","reedjo01",11
"3129","reedri01",17
"3130","reedro01",20
"3131","reedst01",17
"3132","reesepe01",16
"3133","reeseri01",11
"3134","reganph01",15
"3135","reichri01",13
"3136","reilljo01",10
"3137","reisepe01",10
"3138","reitzke01",11
"3139","relafde01",12
"3140","remlimi01",16
"3141","remseja01",11
"3142","remyje01",10
"3143","rendoan01",10
"3144","renkost01",17
"3145","renteed01",16
"3146","repozro01",11
"3147","repulri01",10
"3148","retteme01",13
"3149","reulbed01",14
"3150","reuscri01",21
"3151","reussje01",25
"3152","reyesal01",15
"3153","reyesca01",10
"3154","reyesde01",18
"3155","reyesjo01",17
"3156","reynoal01",13
"3157","reynoar02",12
"3158","reynoca01",13
"3159","reynocr01",15
"3160","reynoha01",12
"3161","reynoma01",14
"3162","reynosh01",13
"3163","rhemfl01",14
"3164","rhodear01",22
"3165","rhoderi01",16
"3166","ricede01",20
"3167","riceha01",11
"3168","riceji01",16
"3169","ricesa01",20
"3170","richabo01",12
"3171","richacl01",13
"3172","richada01",11
"3173","richaga01",12
"3174","richaha01",15
"3175","richajr01",10
"3176","richepe01",15
"3177","richile01",10
"3178","riddlel01",10
"3179","ridzist01",13
"3180","riggsle01",10
"3181","righeda01",17
"3182","rijojo01",14
"3183","rileser01",10
"3184","rincoju01",12
"3185","rincori01",12
"3186","ringji01",12
"3187","riosal01",14
"3188","ripkebi01",12
"3189","ripkeca01",21
"3190","riskeda01",12
"3191","ritchcl01",13
"3192","riverji01",12
"3193","riverju01",13
"3194","riverlu01",11
"3195","riverma01",19
"3196","rivermi01",16
"3197","riverre01",16
"3198","rixeyep01",21
"3199","rizzoan01",13
"3200","rizzuph01",13
"3201","roarkta01",10
"3202","roberbi01",14
"3203","roberbo01",11
"3204","roberbr01",14
"3205","roberda01",11
"3206","roberda05",16
"3207","roberda06",10
"3208","roberda07",11
"3209","roberda08",16
"3210","roberge01",10
"3211","roberle01",12
"3212","roberna01",10
"3213","roberro01",21
"3214","roberry01",10
"3215","robersh01",11
"3216","robinbi02",17
"3217","robinbr01",23
"3218","robindo01",17
"3219","robined01",17
"3220","robinfl01",10
"3221","robinfr02",22
"3222","robinja02",10
"3223","robinje01",10
"3224","robinro01",10
"3225","robinwi01",18
"3226","robinya01",11
"3227","robleha01",10
"3228","rodgean01",11
"3229","rodnefe01",21
"3230","rodrial01",22
"3231","rodriau01",20
"3232","rodrife01",12
"3233","rodrifr03",18
"3234","rodrihe02",13
"3235","rodriiv01",23
"3236","rodriri02",14
"3237","rodrise01",14
"3238","rodriwa01",12
"3239","roebued01",13
"3240","roech01",11
"3241","roeniga01",12
"3242","roepr01",12
"3243","rogelbi01",14
"3244","rogerke01",21
"3245","rogerst01",13
"3246","rogovsa01",10
"3247","rojasco01",17
"3248","rojasme01",13
"3249","rolanji01",12
"3250","rolensc01",19
"3251","rolfere01",10
"3252","rolliji01",17
"3253","rolliri01",11
"3254","romanjo01",10
"3255","romered01",14
"3256","romerjc01",17
"3257","rominan01",11
"3258","rominau01",13
"3259","rommeed01",13
"3260","romose01",18
"3261","romovi01",10
"3262","roofph01",18
"3263","rookeji01",13
"3264","rootch01",17
"3265","rosalad01",13
"3266","rosarbu01",13
"3267","rosebjo01",14
"3268","rosemch01",10
"3269","rosenal01",10
"3270","rosenla01",10
"3271","rosentr01",10
"3272","rosepe01",25
"3273","rossbu02",11
"3274","rossco01",15
"3275","rosscza01",10
"3276","rossda01",17
"3277","rossga01",11
"3278","rossty01",11
"3279","rothbr01",10
"3280","rothrja01",12
"3281","roushed01",19
"3282","rowanaa01",11
"3283","roweja01",12
"3284","rowesc01",16
"3285","roystje01",17
"3286","rozemda01",10
"3287","ruckena01",10
"3288","rudijo01",16
"3289","rudoldi01",13
"3290","rudolke01",10
"3291","ruelmu01",20
"3292","rueteki01",14
"3293","ruethdu01",13
"3294","ruffibr01",12
"3295","ruffire01",23
"3296","ruggiju01",11
"3297","ruhleve01",13
"3298","ruizca01",13
"3299","runnepe01",14
"3300","ruschgl01",14
"3301","rushbo01",14
"3302","rusieam01",10
"3303","russeal01",12
"3304","russebi01",18
"3305","russeja01",17
"3306","russeje01",16
"3307","russeji01",10
"3308","russejo02",10
"3309","ruthba01",22
"3310","ruthvdi01",16
"3311","ryanbj01",12
"3312","ryanbr01",11
"3313","ryanco01",14
"3314","ryanja01",13
"3315","ryanji01",18
"3316","ryanmi02",11
"3317","ryanno01",27
"3318","ryanro01",10
"3319","rybami01",10
"3320","rzepcma01",15
"3321","sabatcc01",20
"3322","saberbr01",17
"3323","saboch01",10
"3324","sadecra01",22
"3325","sadledo01",10
"3326","sainjo01",13
"3327","sakatle01",11
"3328","salasfe01",12
"3329","salazlu01",14
"3330","salech01",12
"3331","sallesl01",16
"3332","salmoti01",14
"3333","saltaja01",15
"3334","samarje01",14
"3335","sambijo01",11
"3336","samueju01",19
"3337","sanchaa01",10
"3338","sanchan01",17
"3339","sanchfr01",11
"3340","sanchre01",18
"3341","sandbry01",16
"3342","sandede02",11
"3343","sandeke01",14
"3344","sandere02",17
"3345","sandesc01",20
"3346","sandopa01",16
"3347","sanfoja02",14
"3348","sanguma01",13
"3349","santaca01",14
"3350","santaer01",16
"3351","santajo01",12
"3352","santibe01",20
"3353","santihe01",12
"3354","santira01",13
"3355","santoro01",15
"3356","sassema01",10
"3357","satrito01",11
"3358","sauerha01",16
"3359","saundjo01",13
"3360","saundmi01",10
"3361","savagte01",12
"3362","sawatca01",12
"3363","saxst01",14
"3364","scanlbo01",10
"3365","scarbra01",13
"3366","schaapa01",12
"3367","schaege01",16
"3368","schalra01",18
"3369","schanwa01",19
"3370","schatda01",20
"3371","schefbo01",10
"3372","scheica01",12
"3373","scheiri01",11
"3374","scherma01",16
"3375","schiena01",10
"3376","schilcu01",21
"3377","schmida01",12
"3378","schmija01",16
"3379","schmijo01",18
"3380","schmimi01",18
"3381","schmiwa01",10
"3382","schnebr01",13
"3383","schoere01",21
"3384","schoesc01",14
"3385","schofdi01",24
"3386","schofdi02",16
"3387","schoojo01",11
"3388","schoupe01",12
"3389","schreos01",15
"3390","schripo01",14
"3391","schulfr01",17
"3392","schulfr02",11
"3393","schuljo03",14
"3394","schumha02",13
"3395","schumsk01",11
"3396","schupfe01",12
"3397","schuri01",10
"3398","sciosmi01",13
"3399","scottev01",15
"3400","scottge02",16
"3401","scottja01",13
"3402","scottmi03",13
"3403","scottti01",10
"3404","scottto01",13
"3405","scutama01",14
"3406","seageky01",11
"3407","seaneru01",20
"3408","seaveto01",22
"3409","seedsbo01",11
"3410","seeryem01",10
"3411","seguida01",18
"3412","seguidi01",16
"3413","segurje01",12
"3414","seitzke01",14
"3415","selbaki01",14
"3416","seleaa01",15
"3417","selmadi01",12
"3418","semiema01",10
"3419","seminan01",16
"3420","servasc01",13
"3421","servisc01",15
"3422","severha01",17
"3423","seweljo01",14
"3424","sewellu01",20
"3425","sewelri01",13
"3426","sexsori01",14
"3427","seymocy01",18
"3428","shaffor01",15
"3429","shankho01",14
"3430","shantbo01",19
"3431","shautjo01",13
"3432","shawbo01",15
"3433","shawbr01",12
"3434","shawje01",14
"3435","shawkbo01",16
"3436","sheame01",12
"3437","sheanda01",10
"3438","sheckji01",19
"3439","sheetbe01",10
"3440","sheffga01",24
"3441","shelbjo01",13
"3442","shellji01",10
"3443","sherdbi01",17
"3444","sheripa01",10
"3445","sherrge01",10
"3446","sherrla01",12
"3447","shielja02",14
"3448","shielsc01",10
"3449","shindbi01",13
"3450","shiplcr01",11
"3451","shirlbo01",12
"3452","shochge01",11
"3453","shockur01",13
"3454","shoppke01",11
"3455","shortch02",15
"3456","shottbu01",14
"3457","shouncl01",17
"3458","shousbr01",11
"3459","shower01",11
"3460","shrevch01",10
"3461","shueypa01",12
"3462","shumpte01",14
"3463","siebedi01",12
"3464","siebeno01",13
"3465","siebeso01",15
"3466","sierrru01",25
"3467","sievero01",18
"3468","silvech01",10
"3469","simmoal01",21
"3470","simmoan01",11
"3471","simmocu01",23
"3472","simmote01",21
"3473","simonra01",10
"3474","simpsha01",13
"3475","simsdu01",14
"3476","sinatma01",10
"3477","singebi01",15
"3478","singlke01",15
"3479","sippto01",11
"3480","sislege01",16
"3481","sistisi01",13
"3482","sizemgr01",12
"3483","sizemte01",13
"3484","skinnbo01",14
"3485","skinnjo01",10
"3486","skowrbi01",16
"3487","slaglji01",11
"3488","slatoji01",17
"3489","slaugdo01",17
"3490","slaugen01",22
"3491","slocuhe01",14
"3492","smallaa01",10
"3493","smallro01",11
"3494","smallro02",16
"3495","smilejo01",13
"3496","smithal01",10
"3497","smithal03",12
"3498","smithal04",13
"3499","smithbo02",16
"3500","smithbr01",13
"3501","smithch02",12
"3502","smithch04",12
"3503","smithda02",13
"3504","smithea02",15
"3505","smithed04",12
"3506","smithel01",16
"3507","smithel02",13
"3508","smithfr03",14
"3509","smithge01",16
"3510","smithge02",11
"3511","smithha03",10
"3512","smithha08",11
"3513","smithja03",16
"3514","smithja05",11
"3515","smithjo05",18
"3516","smithle02",21
"3517","smithlo01",19
"3518","smithoz01",19
"3519","smithpe02",12
"3520","smithph01",12
"3521","smithpo01",16
"3522","smithre02",10
"3523","smithre06",18
"3524","smithse01",11
"3525","smithsh01",15
"3526","smithwi02",10
"3527","smithwi04",12
"3528","smithza01",15
"3529","smoakju01",13
"3530","smoltjo01",22
"3531","smylydr01",11
"3532","snidedu01",18
"3533","snidetr01",10
"3534","snodgfr01",10
"3535","snowjt01",16
"3536","snydech02",11
"3537","snydeco02",10
"3538","snydefr01",17
"3539","snydepo01",18
"3540","snyderu01",13
"3541","soderer01",10
"3542","sogarer01",12
"3543","sojolu01",15
"3544","solerjo01",10
"3545","solomed01",11
"3546","soltemo01",11
"3547","sommejo01",11
"3548","sorenla01",11
"3549","soriaal01",17
"3550","soriajo01",18
"3551","soriara01",14
"3552","sorrepa01",11
"3553","sorrevi01",10
"3554","sosael01",14
"3555","sosajo02",10
"3556","sosasa01",19
"3557","sothoal01",13
"3558","sotoge01",15
"3559","sotoma01",12
"3560","southbi01",14
"3561","spahnwa01",22
"3562","spande01",12
"3563","spangal01",14
"3564","sparkst01",10
"3565","sparktu01",13
"3566","speaktr01",22
"3567","spehrti01",10
"3568","speiech01",22
"3569","speieju01",14
"3570","spencda01",12
"3571","spencji01",17
"3572","spencro01",12
"3573","spencst01",10
"3574","spierbi01",13
"3575","spiezed01",10
"3576","spiezsc01",12
"3577","spillda01",14
"3578","spilmha01",15
"3579","splitpa01",15
"3580","spraged01",10
"3581","spraged02",14
"3582","sprinja01",10
"3583","sprinru01",21
"3584","squirmi01",10
"3585","staffge01",11
"3586","stahlch01",10
"3587","stahlja01",10
"3588","stahlla01",10
"3589","staintu01",15
"3590","stairma01",22
"3591","stalege01",19
"3592","stammcr01",13
"3593","stanaos01",14
"3594","stangle01",13
"3595","stanhdo01",10
"3596","stanked01",12
"3597","stanlbo01",13
"3598","stanlfr01",15
"3599","stanlmi01",15
"3600","stanlmi02",18
"3601","stantmi02",24
"3602","stantmi03",13
"3603","stargwi01",21
"3604","startjo01",16
"3605","stassma01",11
"3606","staubru01",24
"3607","staufti01",11
"3608","stclara01",10
"3609","stearjo01",11
"3610","steinbi02",14
"3611","steinha01",14
"3612","steinte01",14
"3613","stengca01",15
"3614","stennre01",11
"3615","stenzja01",11
"3616","stephge01",14
"3617","stephjo02",10
"3618","stephri01",14
"3619","stephve01",17
"3620","stevele01",11
"3621","stewabu01",10
"3622","stewach01",13
"3623","stewada01",19
"3624","stewaji01",11
"3625","stewale01",11
"3626","stewasa01",10
"3627","stewash01",15
"3628","stiebda01",16
"3629","stillku01",10
"3630","stinnke01",16
"3631","stinsbo01",12
"3632","stirnsn01",11
"3633","stiveja01",11
"3634","stobbch01",16
"3635","stockmi01",14
"3636","stockwe01",10
"3637","stoddti01",14
"3638","stonede01",10
"3639","stonejo01",11
"3640","stonest01",11
"3641","stottme01",11
"3642","stottto01",15
"3643","stovage01",12
"3644","stoveha01",16
"3645","stransa01",11
"3646","strasst01",13
"3647","stratsc01",10
"3648","strawda01",17
"3649","streega01",10
"3650","streehu01",14
"3651","striccu01",12
"3652","stricge01",11
"3653","strichu01",12
"3654","strinni01",10
"3655","stripjo01",12
"3656","stroppe01",15
"3657","strunam01",20
"3658","stuardi01",11
"3659","stubbdr01",12
"3660","stubbfr01",10
"3661","stulter01",10
"3662","sturdto01",15
"3663","sturtta01",13
"3664","stynech01",10
"3665","suderpe01",13
"3666","sudhowi01",11
"3667","sugdejo01",13
"3668","suhrgu01",12
"3669","sukefcl01",10
"3670","sullibi03",16
"3671","sullibi04",12
"3672","sullifr01",12
"3673","sullimi02",12
"3674","sullisc01",11
"3675","summaho01",10
"3676","summech01",12
"3677","sundbji01",17
"3678","sundrst01",10
"3679","suppaje01",20
"3680","surhobj01",20
"3681","surkoma01",11
"3682","sutclri01",19
"3683","suthega01",14
"3684","suttebr01",12
"3685","suttodo01",25
"3686","suttoez01",18
"3687","suzukic01",20
"3688","suzukku01",18
"3689","sveumda01",13
"3690","swancr01",13
"3691","swarzan01",14
"3692","sweenma01",16
"3693","sweenmi01",17
"3694","swiftbi01",11
"3695","swiftbi02",13
"3696","swiftbo01",15
"3697","swindgr01",19
"3698","swishni01",13
"3699","swoboro01",10
"3700","tablepa01",14
"3701","talbofr01",11
"3702","tallebr01",10
"3703","tananfr01",23
"3704","tanneje01",16
"3705","tannele01",10
"3706","tapanke01",15
"3707","tartada01",15
"3708","tartajo01",10
"3709","tatebe01",12
"3710","tatisfe01",12
"3711","taubeed01",12
"3712","tavarju01",19
"3713","taverfr01",12
"3714","taylobi01",10
"3715","tayloch03",10
"3716","tayloda01",10
"3717","taylodu01",10
"3718","tayloha04",12
"3719","tayloja02",11
"3720","tayloro01",12
"3721","tayloto02",21
"3722","tayloza02",18
"3723","tazawju01",10
"3724","tebbebi01",15
"3725","tebeapa01",13
"3726","teherju01",11
"3727","teixema01",16
"3728","tejadmi01",17
"3729","tejadru01",10
"3730","tekulke01",17
"3731","telemam01",11
"3732","templga01",17
"3733","templjo01",14
"3734","tenacge01",15
"3735","tennefr02",17
"3736","terrewa01",13
"3737","terryad01",16
"3738","terrybi01",14
"3739","terryra01",15
"3740","terwiwa01",10
"3741","tettlmi01",14
"3742","teufeti01",12
"3743","tewksbo01",14
"3744","thamema01",10
"3745","thatcjo01",11
"3746","theveto01",15
"3747","thigpbo01",10
"3748","thomade01",16
"3749","thomafr03",20
"3750","thomafr04",20
"3751","thomaga01",10
"3752","thomage01",16
"3753","thomago01",15
"3754","thomair01",10
"3755","thomale03",11
"3756","thomapi01",10
"3757","thomaro01",14
"3758","thomato02",15
"3759","thomeji01",25
"3760","thompja01",12
"3761","thompmi02",15
"3762","thompro01",11
"3763","thompsa01",15
"3764","thomsbo01",17
"3765","thomsjo01",11
"3766","thondi01",15
"3767","thornan01",15
"3768","thornma01",15
"3769","thornty01",10
"3770","thurssl01",10
"3771","tiantlu01",19
"3772","tidrodi01",15
"3773","tiefebo01",12
"3774","tiernmi01",13
"3775","tillmbo01",10
"3776","tillmch01",10
"3777","timlimi01",21
"3778","tinglro01",10
"3779","tinkejo01",15
"3780","titusjo01",12
"3781","tobinja01",14
"3782","tobinji01",10
"3783","toddal01",11
"3784","tolanbo01",14
"3785","tollewa01",11
"3786","tomkobr01",17
"3787","tomlida01",13
"3788","tomlijo01",12
"3789","toneyfr01",13
"3790","torboje01",10
"3791","torgeea01",18
"3792","torreca01",10
"3793","torrejo01",18
"3794","torremi01",21
"3795","torresa01",14
"3796","torreyo01",16
"3797","tovarce01",14
"3798","trachst01",18
"3799","tracych01",10
"3800","trammal01",20
"3801","travice01",12
"3802","traynpi01",17
"3803","treadje01",10
"3804","treanma01",10
"3805","treinbl01",10
"3806","treshmi01",12
"3807","treshto01",10
"3808","trevial01",16
"3809","triangu01",14
"3810","trillma01",18
"3811","trombmi01",12
"3812","troskha01",11
"3813","troutdi01",16
"3814","troutmi01",12
"3815","troutst01",13
"3816","truckvi01",19
"3817","trumbma01",11
"3818","tsitojo01",11
"3819","tuckemi01",14
"3820","tucketo01",15
"3821","tudorjo01",13
"3822","tulowtr01",14
"3823","turlebo01",13
"3824","turneja01",10
"3825","turneje01",11
"3826","turneji01",10
"3827","turneju01",15
"3828","turnete01",17
"3829","tuttlbi01",12
"3830","twitcla01",10
"3831","twitcwa01",12
"3832","tylerle01",12
"3833","tysonmi01",10
"3834","ueharko01",10
"3835","ugglada01",11
"3836","uhlege01",19
"3837","underto01",13
"3838","unserde01",16
"3839","upshace01",11
"3840","upshawi01",10
"3841","uptonbj01",13
"3842","uptonju01",17
"3843","urbinug01",14
"3844","uribejo01",10
"3845","uribeju01",18
"3846","utleych01",17
"3847","vailmi01",12
"3848","valbulu01",11
"3849","valdeis01",15
"3850","valenbo02",12
"3851","valenda01",12
"3852","valenel01",11
"3853","valenfe01",18
"3854","valenja01",10
"3855","valenjo02",11
"3856","valenjo03",16
"3857","valleda01",14
"3858","valoel01",23
"3859","valvejo01",12
"3860","vanceda01",18
"3861","vandejo01",13
"3862","vandejo02",16
"3863","vangiel01",11
"3864","vanhage01",18
"3865","vanpoto01",14
"3866","vanslan01",14
"3867","vargacl01",10
"3868","vargail01",11
"3869","vargaja01",15
"3870","varitja01",15
"3871","vaughar01",14
"3872","vaughfa01",14
"3873","vaughgr01",16
"3874","vaughhi01",14
"3875","vaughmo01",12
"3876","vazquja01",14
"3877","vazqura01",10
"3878","veachbo01",16
"3879","vealebo01",14
"3880","velanjo01",10
"3881","velarra01",18
"3882","velezot01",11
"3883","venabma01",12
"3884","venabwi01",10
"3885","venturo01",17
"3886","verasjo01",12
"3887","verbaem01",10
"3888","veresda01",10
"3889","verlaju01",18
"3890","vernomi01",21
"3891","versazo01",13
"3892","veryzto01",12
"3893","victosh01",14
"3894","vidrojo01",12
"3895","villaca01",11
"3896","villajo01",13
"3897","villoro01",19
"3898","vinafe01",12
"3899","vinceni01",11
"3900","violafr01",16
"3901","virdobi01",13
"3902","virgioz01",10
"3903","virgioz02",11
"3904","vittos01",10
"3905","vizcajo01",21
"3906","vizcalu01",12
"3907","vizquom01",24
"3908","vogelda01",10
"3909","vogelry01",13
"3910","vogtst01",12
"3911","voisebi01",10
"3912","vollmcl01",13
"3913","volqued01",16
"3914","vosbeed01",12
"3915","vosmijo01",13
"3916","vossbi01",10
"3917","vottojo01",16
"3918","vuckope01",11
"3919","vukovjo01",10
"3920","wachami01",10
"3921","wadderu01",14
"3922","wadeja01",10
"3923","wagnebi02",17
"3924","wagneha01",15
"3925","wagnehe01",12
"3926","wagneho01",21
"3927","wagnele01",13
"3928","wainwad01",17
"3929","waitked01",12
"3930","waitsri01",13
"3931","wakefti01",19
"3932","walbema01",11
"3933","walberu01",16
"3934","walkbo01",14
"3935","walkebi01",10
"3936","walkech01",12
"3937","walkecu01",14
"3938","walkedi02",20
"3939","walkege02",15
"3940","walkegr01",10
"3941","walkeha01",13
"3942","walkeja01",10
"3943","walkela01",18
"3944","walkene01",13
"3945","walkeru01",12
"3946","walketa01",11
"3947","walketi01",13
"3948","walketo04",15
"3949","wallabo01",25
"3950","wallati01",18
"3951","wallide01",19
"3952","wallsle01",12
"3953","walshed01",14
"3954","waltebu01",21
"3955","waltero01",11
"3956","waltoda01",10
"3957","waltoje01",10
"3958","wambsbi01",13
"3959","wanerll01",21
"3960","wanerpa01",22
"3961","wardaa01",12
"3962","wardda01",12
"3963","warddu01",10
"3964","wardga01",13
"3965","wardjo01",17
"3966","wardpr01",12
"3967","wardtu01",14
"3968","warnejo01",18
"3969","warnelo01",16
"3970","warread01",10
"3971","warstra01",13
"3972","wasdeji01",14
"3973","wasdijo01",14
"3974","washbja01",13
"3975","washbra01",10
"3976","washicl01",21
"3977","washiro01",10
"3978","washiul01",11
"3979","wathajo01",10
"3980","watsoal01",10
"3981","watsobo01",21
"3982","watsomu01",10
"3983","watsoto01",13
"3984","watted01",10
"3985","weathda01",26
"3986","weathro01",10
"3987","weaveje01",13
"3988","weaveje02",12
"3989","weaveji01",10
"3990","webbsk01",12
"3991","weberry01",10
"3992","webstle01",13
"3993","webstmi01",17
"3994","weeksri01",14
"3995","wegmabi01",11
"3996","wehmehe01",16
"3997","wehnejo01",11
"3998","weilabo01",13
"3999","weisal01",10
"4000","weisswa01",14
"4001","welchbo01",17
"4002","welchcu01",12
"4003","welchjo01",10
"4004","welchmi01",13
"4005","welleto01",10
"4006","wellsbo01",10
"4007","wellsda01",24
"4008","wellsed01",11
"4009","wellski01",15
"4010","wellsve01",15
"4011","wendetu01",13
"4012","werbebi01",12
"4013","werthja01",15
"4014","wertzvi01",21
"4015","westbja01",14
"4016","westda01",11
"4017","westlwa01",14
"4018","westrwe01",11
"4019","westsa01",17
"4020","wettejo01",12
"4021","weyhigu01",18
"4022","wheatza01",19
"4023","wheelda01",15
"4024","wheelha01",10
"4025","whisepe01",11
"4026","whitalo01",19
"4027","whitebi03",13
"4028","whitede01",20
"4029","whitede03",17
"4030","whitedo01",13
"4031","whiteea01",17
"4032","whitefr01",18
"4033","whitega01",14
"4034","whiteha01",13
"4035","whiteje01",12
"4036","whitejo01",10
"4037","whitema01",15
"4038","whitema02",11
"4039","whiteri01",17
"4040","whitero01",15
"4041","whitero02",17
"4042","whitesa02",11
"4043","whitewi01",10
"4044","whitfte01",10
"4045","whitnar01",13
"4046","whitnji01",10
"4047","whitnpi01",14
"4048","whitsed01",17
"4049","whitter01",15
"4050","whittpo01",13
"4051","wickeda01",10
"4052","wickmbo01",19
"4053","widgech01",12
"4054","wiedmst01",11
"4055","wietema01",12
"4056","wiggity01",14
"4057","wightbi01",16
"4058","wilcomi01",16
"4059","wilforo01",12
"4060","wilheho01",26
"4061","wilkecu01",11
"4062","wilkiri01",15
"4063","wilkste01",12
"4064","willeed01",10
"4065","willibe02",16
"4066","willibi01",18
"4067","willibr01",10
"4068","willica01",10
"4069","willicy01",19
"4070","willidi02",15
"4071","willido03",10
"4072","willied01",11
"4073","willige02",16
"4074","willije02",14
"4075","williji01",11
"4076","willijo03",12
"4077","willike01",14
"4078","willima04",17
"4079","willimi02",11
"4080","willimi03",14
"4081","willine01",13
"4082","willisc01",11
"4083","willist02",15
"4084","willite01",19
"4085","willivi01",13
"4086","williwa02",10
"4087","williwo02",16
"4088","willsma01",15
"4089","wilmowa01",10
"4090","wilsoar01",15
"4091","wilsobo02",13
"4092","wilsocj01",11
"4093","wilsoda01",14
"4094","wilsoea01",13
"4095","wilsoen01",11
"4096","wilsogl01",12
"4097","wilsoha01",13
"4098","wilsoja01",10
"4099","wilsoja02",14
"4100","wilsoji01",19
"4101","wilsoji02",13
"4102","wilsojo03",12
"4103","wilsoju10",13
"4104","wilsomo01",13
"4105","wilsopr01",13
"4106","wilsore01",12
"4107","wilsowi02",19
"4108","wiltsho01",12
"4109","winebo01",12
"4110","winfida01",23
"4111","wingoiv01",17
"4112","winnihe01",10
"4113","winnra01",15
"4114","wisede01",13
"4115","wiseri01",18
"4116","wisesa01",12
"4117","wislema01",11
"4118","witasja01",16
"4119","wittbo01",19
"4120","wittmi01",13
"4121","wittwh01",10
"4122","wockejo01",12
"4123","wohlema01",13
"4124","wohlfji01",15
"4125","wolfji01",11
"4126","wolfra02",18
"4127","wolveha01",11
"4128","womacto01",16
"4129","wongko01",10
"4130","woodal02",11
"4131","woodala01",10
"4132","woodeha01",13
"4133","woodge01",15
"4134","woodjo02",14
"4135","woodke02",15
"4136","woodlge01",19
"4137","woodwch01",13
"4138","woodwi01",18
"4139","woodwwo01",10
"4140","worreti01",18
"4141","worreto01",11
"4142","worthal01",16
"4143","wrighcl01",10
"4144","wrighda03",14
"4145","wrighge01",12
"4146","wrighgl01",11
"4147","wrighja01",21
"4148","wrighja02",12
"4149","wrighru01",10
"4150","wrighto01",10
"4151","wrighwe01",10
"4152","wyattjo02",12
"4153","wyattwh01",17
"4154","wynegbu01",14
"4155","wynnea01",23
"4156","wynnji01",16
"4157","wyrosjo01",12
"4158","yanes01",13
"4159","yastrca01",23
"4160","yeagejo01",10
"4161","yeagest01",15
"4162","yelicch01",10
"4163","yorkru01",14
"4164","yorkto01",15
"4165","yosted01",18
"4166","youklke01",11
"4167","youngba01",10
"4168","youngch03",13
"4169","youngch04",14
"4170","youngcu01",12
"4171","youngcy01",23
"4172","youngde03",12
"4173","youngdm01",13
"4174","younger01",18
"4175","younger03",12
"4176","youngjo02",16
"4177","youngke01",12
"4178","youngma01",10
"4179","youngmi02",15
"4180","youngpe01",11
"4181","youngro01",10
"4182","yountro01",20
"4183","zachato01",24
"4184","zachrpa01",11
"4185","zahnge01",14
"4186","zambrca01",12
"4187","zarilal01",13
"4188","zaungr01",19
"4189","zeidero01",10
"4190","zeileto01",21
"4191","zernigu01",12
"4192","zieglbr01",14
"4193","zimmech01",20
"4194","zimmedo01",14
"4195","zimmehe01",14
"4196","zimmejo02",13
"4197","zimmery01",16
"4198","ziskri01",13
"4199","zitoba01",15
"4200","zobribe01",15
"4201","zoldasa01",10
"4202","zuberbi01",12
"4203","zuninmi01",10
"4204","zuverge01",10
