"player","war","all_stars"
"aasedo01",15.1,1
"abadfe01",3.2,0
"abbotgl01",5.3,0
"abbotji01",19.7,0
"abbotpa01",4.5,0
"abernte02",16.6,0
"accarje01",1.9,0
"aceveju01",3.1,0
"ackerji01",5.5,0
"adamsba01",50.2,0
"adamsmi03",10.1,0
"adamste01",4.5,0
"affelje01",9.7,0
"agostju01",1.3,0
"aguilri01",20.6,3
"aguirha01",21,2
"akerja01",8.7,0
"alberma01",2.7,0
"aldresc01",-2.3,0
"alexado01",34.8,1
"alexape01",116.2,0
"alfonan01",3.7,0
"allenjo02",27.9,1
"allenne01",7,0
"altroni01",8.7,0
"alvarjo02",4.5,0
"alvarwi01",25,1
"amesre01",28.9,0
"anderbr02",10.9,0
"anderbr04",11.2,0
"anderla02",13.9,0
"andreiv01",19.1,0
"andujjo01",16.7,4
"antonjo02",31.2,6
"appieke01",54.9,1
"applepe01",8,0
"aquinlu01",10.5,0
"archech01",13.6,2
"armasto02",8.3,0
"armstsh01",1,0
"arrieja01",21.2,1
"arrigge01",2,0
"arroybr01",24.7,1
"ashbyan01",21.5,2
"assenpa01",13.1,0
"astacpe01",28.3,0
"augusje01",4.2,0
"aukerel01",15.8,0
"averyst01",12.5,1
"avilalu01",4.4,0
"axforjo01",4,0
"ayalalu01",7.9,0
"aybarma01",-1.4,0
"ayersdo01",14.7,0
"baezda01",5.8,1
"bagbyji02",8.9,2
"bahnsst01",23.9,0
"bailebi01",-2.3,0
"baileho02",6.1,0
"bairdo01",7,0
"bakersc02",15.8,0
"baldwja01",9.5,1
"balfogr01",9.2,1
"bankhsc01",11.3,0
"bankswi01",0.8,0
"bannifl01",26.4,1
"barbest01",18.1,2
"barkele01",13.3,1
"barneja01",-0.6,0
"barneje01",21.4,0
"barnevi01",9.7,0
"barrere01",12.7,1
"barrji01",30.8,0
"bassan01",3.9,0
"bastaan01",2.8,0
"batismi01",14.5,0
"bauertr01",21.4,1
"baumafr01",3.4,0
"bautide01",-1,0
"bautijo01",0.2,0
"beckbo01",4.5,0
"beckejo02",35.3,3
"beckro01",11.3,3
"bedarer01",17.4,0
"bedroca01",1.7,0
"bedrost01",15.4,1
"beggsjo01",9.9,0
"beimejo01",6.7,0
"belchti01",26.7,0
"belinst01",5.3,0
"belisma01",7.8,0
"bellga01",14.4,4
"bellhe01",7.2,3
"bendech01",42.8,0
"benesan01",31.2,1
"bengera01",14.9,0
"benitar01",17.4,2
"benoijo01",18,0
"bensokr01",13.1,0
"bentlja01",4.2,0
"bentoal01",24.8,2
"bentola01",19.8,0
"bentoru01",18,0
"bereja01",2.9,1
"berenju01",10.1,0
"bernhbi01",17.7,0
"betande01",11.2,4
"betanra01",14.1,0
"bettshu01",13.1,0
"bibbyji01",18.6,1
"bielemi01",7.6,0
"billija01",9.9,1
"birddo01",9.1,0
"blackbu02",21.1,0
"blackew01",27.1,6
"blaehge01",25.1,0
"blairwi01",3.7,0
"blakesh01",11.7,0
"blantjo01",12.6,0
"blasiwa01",-3.3,0
"blassst01",7,1
"blevije01",6.3,0
"bluevi01",44.9,6
"blylebe01",96.1,2
"boddimi01",31.3,1
"boehrbr01",4.1,0
"boevejo01",5.5,0
"bohanbr01",7.9,0
"bolinbo01",16.8,0
"bondeje01",5.2,0
"bondto01",61,0
"bonesri01",6.9,1
"bonhabi01",18,0
"bonhati01",24.2,2
"borbope01",4.9,0
"borbope02",0.8,0
"borlato02",0.6,0
"borowha01",15.6,2
"borowjo01",3.6,0
"bosioch01",24.4,0
"boskish01",0.4,0
"bosmadi01",11.4,0
"bottari01",6.2,1
"botteke01",7,1
"boutoji01",9.5,1
"bowmajo01",4.1,0
"boxbebr01",4.5,1
"boydoi01",17.8,0
"boyerbl01",-1.5,0
"brachbr01",5.5,1
"bradfch01",10.1,0
"brancra01",16.5,3
"branded01",27.5,0
"brantje01",11.6,1
"braxtga01",10.8,0
"brazlal01",21.4,0
"brechha01",41.3,2
"breitte01",51.8,0
"breslcr01",6.3,0
"brettke01",12.6,1
"breweji01",15.7,1
"bridgto01",51.6,6
"brilene01",20.4,0
"brittza01",13.6,2
"brocado01",10.4,0
"brosnji01",14.2,0
"broweji01",2.7,0
"brownbu01",12.3,0
"browncl01",20,0
"brownha01",16.8,0
"brownju01",5.1,0
"brownke01",68.2,6
"brownll01",19.6,0
"brownma01",12.1,1
"brownmo01",57.2,0
"brownto05",19.5,1
"broxtjo01",8.6,2
"brunege01",9.7,0
"brusswa01",3.9,0
"buchhcl01",17,2
"buehrma01",60,5
"buffich01",60.7,0
"buhlbo01",28,2
"bumgama01",33.3,4
"bunniji01",60.4,9
"burbada01",16.2,0
"burdele01",25.5,3
"burgmto01",17.5,1
"burkebo01",7.2,0
"burkejo03",21.8,2
"burketi01",12.4,1
"burneaj01",NA,NA
"burnese01",5.9,0
"burrira01",15.1,0
"bushgu01",22,0
"bushjo01",31.5,0
"butchma01",17.8,0
"buzhajo01",11.8,0
"byerlbu01",5.5,0
"byrdati01",0.6,0
"byrdpa01",15.9,1
"byrneto01",6.3,1
"cadargr01",6.7,0
"cadorle01",18.9,0
"cahiltr01",12.2,1
"cainma01",29.3,3
"caldwmi01",19,0
"caldwra02",30.9,0
"camacer01",2.5,0
"camniho01",19.5,0
"campbbi02",12.4,1
"campsh01",2,0
"candejo01",39.9,1
"candito01",42.3,0
"cantwbe01",13.7,0
"capuach01",9.8,1
"cardwdo01",16.9,0
"carlsha01",25.2,0
"carltst01",84.1,10
"carmado01",7.6,0
"carmofa01",5.4,1
"carpech01",35.2,3
"carraca01",21.9,0
"carragi01",1.8,0
"carrahe01",9.5,0
"carrocl02",18.3,2
"carroow01",3.7,0
"carseki01",8.5,0
"caseyhu01",12.5,0
"cashnan01",10.1,0
"casiala01",1.5,0
"castege01",9.4,0
"castifr01",9.4,0
"castito02",6.4,0
"castrbi01",6.1,0
"castrmi01",2.9,0
"cecilbr01",6.8,1
"cedenxa01",1.9,0
"chacijh01",18.2,0
"chacosh01",6.8,1
"chafian01",7,0
"chakabo01",-0.4,0
"chambel01",30.4,0
"chambjo03",7.6,0
"chancde01",34.9,2
"chandsp01",22.9,4
"chapmar01",19,7
"charlno01",8.5,1
"chatwty01",9.5,0
"chaveje01",5,0
"chenbr01",10.8,0
"chenela01",16.5,0
"chesbja01",42.5,0
"chipmbo01",8.6,0
"choatra01",4.5,0
"chrisja01",3.9,0
"chrisla01",9,0
"cicoted01",57.9,0
"cishest01",13.3,0
"clancji01",20.7,1
"clarkjo01",85,0
"clarkma01",7.8,0
"clarkwa02",26.7,0
"clearma01",7.8,2
"clemepa01",3.5,0
"clemero02",138.7,11
"clevere01",8.4,0
"clippty01",15.9,2
"clonito01",2.1,0
"coaklan01",11.2,0
"coateji01",-0.2,2
"cobbal01",17,0
"coffmdi01",8,0
"cokeph01",2.1,0
"colboji01",16.4,1
"colege01",33.1,5
"colemjo04",5.9,1
"colemjo05",24.7,1
"colliri01",18.9,0
"colluja01",3.3,0
"colomal01",6,1
"colomje01",0.3,0
"colonba01",48.1,4
"coneda01",61.6,5
"conlege01",15.6,4
"connasa01",6.9,0
"consusa01",12.2,1
"contrjo01",13.5,1
"cookaa01",15.7,1
"cookde01",9.6,0
"coombja01",23.1,0
"coopemo01",31.9,4
"coopewi01",48.9,0
"corbipa01",14.1,2
"cordefr01",16.9,3
"cormirh01",8.6,0
"correke01",4.2,1
"corsiji01",8,0
"cottsne01",5.2,0
"covelst01",66.6,0
"coxda01",10.6,0
"craigro01",16.6,0
"crainje01",11.4,1
"cranddo01",13,0
"craneed01",-0.4,0
"crawfst01",2.9,0
"creekdo01",-1.2,0
"crowdal01",29,1
"cruzju02",5.3,0
"cuellmi01",29.2,4
"cuetojo01",38.7,2
"culpra01",17.2,2
"culvege01",5.3,0
"cunnibe01",11.1,0
"cuppyni01",39.2,0
"curtijo01",7.1,0
"daalom01",7.4,0
"dacqujo01",NA,NA
"dailyed01",7.6,0
"dalcabr01",8.1,0
"daleybu01",5.9,4
"danfoda01",9.4,0
"danksjo01",20.4,0
"darenvi01",-0.3,0
"darliro01",18.8,1
"darviyu01",30.6,5
"darwida01",40.3,0
"daussho01",36.8,0
"daviscu01",37.9,2
"davisdi01",14.6,0
"davisdo02",21.5,0
"davisma01",7.4,2
"davisro02",4.9,1
"davisst02",17.3,0
"daviswa01",10.2,3
"dayleke01",3,0
"deandi01",43.9,4
"dejeami01",6.8,0
"delarjo01",NA,NA
"deleojo01",17.5,0
"delocik01",9.3,0
"delosva01",1,0
"delucri01",2.7,0
"dempsry01",22.3,2
"dennyjo01",31.1,0
"derripa01",39,6
"deshaji01",13.7,0
"desseel01",11.3,0
"detwiro01",1.6,0
"dickera01",NA,NA
"dicksmu01",43,1
"diekmja01",3.8,0
"dierkla01",34.3,2
"dietrbi01",7.5,0
"dinnebi01",40.2,0
"dipinfr01",2,0
"ditmaar01",5.9,0
"doakbi01",29.2,0
"dobsojo01",27.7,1
"dobsopa01",18.1,1
"dohened01",-2.3,0
"donahre01",30.1,0
"donohpe01",16.5,0
"donovbi01",44.7,0
"donovdi01",20.8,5
"doolise01",10,2
"dorisha01",8.7,0
"doteloc01",15.8,0
"dotsori01",16,1
"douglph01",14.4,0
"downial01",22.5,1
"downssc01",11.2,0
"drabedo01",27.6,1
"drabomo01",19.9,0
"dragodi01",20.5,0
"drakeol01",1.1,0
"drewska01",1.3,0
"drysddo01",61.3,9
"duensbr01",6.3,0
"duffyda01",20.3,0
"dugglbi01",14.4,0
"dukeza01",10.7,1
"dunnmi01",2.6,0
"durbich01",-0.6,0
"durenry01",5.7,4
"dwyerfr01",42.1,0
"dysonsa01",5.9,0
"earnsge01",20.8,0
"easteja01",1.7,0
"eastwra01",4.9,0
"eatonad01",2.2,0
"eckerde01",62.3,6
"edwarca01",3.7,0
"ehmkeho01",39.8,0
"ehretre01",23.9,0
"eichhma01",19.2,0
"eilanda01",-2.4,0
"eischjo01",3.2,0
"elartsc01",2.9,0
"eldreca01",16.2,0
"ellioju01",9.9,0
"ellisdo01",15,1
"ellswdi01",23.3,1
"elstodo01",10,2
"embreal01",2.4,0
"eovalna01",16.3,1
"erickpa01",6.7,0
"ericksc01",24.8,0
"erskica01",16.4,1
"escobke01",24.6,0
"esperdu01",18,0
"estessh01",9.3,1
"estrama01",11.8,1
"evelada01",-1.5,0
"ewingbo01",29.6,0
"eyresc01",7.3,0
"faberre01",67.7,0
"facero01",21,6
"falcope01",10.3,0
"falkecy01",22.5,0
"familje01",6.4,1
"farmeed01",0,1
"farnsky01",6.2,0
"farretu01",27.8,5
"farrst01",18.1,0
"fasseje01",25.2,0
"feldmsc01",8.2,0
"felizmi01",-1.6,0
"felizne01",7.3,1
"fellebo01",65.2,8
"fergual01",6.5,0
"fernaal01",27.7,0
"fernasi01",31.4,2
"ferrewe01",48.8,2
"ferrito01",12.1,0
"fettemi01",7.7,0
"fienca01",1.5,0
"fiersmi01",13.2,0
"figuene01",2.3,0
"fingero01",25,7
"finlech01",58.3,5
"fischbi01",3.8,0
"fischca01",6.4,0
"fisheed02",10.7,1
"fisheja01",5.3,0
"fishera01",21.4,0
"fistedo01",19.5,0
"fitzmal01",15.8,0
"fitzsfr01",33.6,0
"flahepa02",5.1,0
"flanami01",25.5,1
"florera01",-0.5,0
"floribr01",2.5,0
"floydga01",16.4,0
"fontwi01",-0.1,0
"fordwh01",53.6,10
"foremfr01",15.6,0
"fornimi01",8,1
"forscbo01",18.9,0
"forscke01",27,2
"forstte01",18.6,0
"fossato01",2.5,0
"fosteal01",6.1,0
"foulkke01",20.8,1
"foutzda01",22.7,0
"fowledi01",7.9,0
"foxch02",2.9,0
"foytapa01",10.6,0
"francfr01",5.1,0
"francje01",10.2,0
"francjo01",23.6,4
"frankfr02",16.6,1
"frankry01",11.6,1
"frasech01",17.2,0
"frasoja01",9.5,0
"frazige01",3.1,0
"freemma02",6.5,0
"frencla01",45,1
"freyst01",2.4,0
"frienbo01",46.8,4
"frierer01",2,0
"friseda01",4.9,0
"frommar01",13,0
"frymawo01",18.2,2
"fuentbr01",10.5,4
"gagneer01",11.7,3
"galehde01",26.7,0
"gallayo01",19.2,1
"gallibe01",7.9,0
"galvipu01",83.3,0
"garbege01",16.5,0
"garceri01",4.8,0
"garcifr02",NA,NA
"garcija01",9.1,0
"garcija02",10.2,0
"garcilu03",2.5,0
"garcimi01",30.7,3
"gardnma01",6.2,0
"gardnro01",-1.2,0
"garlajo01",22.4,1
"garmami01",2.5,0
"garresc01",9.8,1
"garvene01",38.7,1
"garzama01",14.3,0
"gastomi01",16.2,0
"gaudich01",2.9,0
"gausmke01",19.7,1
"gearrco01",4,0
"genewjo01",8.7,0
"germaju01",-2,0
"getzich01",18.9,0
"gibbojo01",9.3,0
"gibsobo01",81.7,9
"gibsoky01",13.8,1
"giustda01",16.1,1
"givenmy01",8.8,0
"gladdfr01",7.9,0
"glavito02",73.9,10
"gleatje01",2.2,0
"glovega01",1.4,0
"glynned01",1.1,0
"goltzda01",23.5,0
"gomezje01",0,0
"gomezle01",43.2,7
"gomezru01",13.9,0
"gonzaed01",-1.3,0
"gonzagi01",29.7,2
"gonzami02",7.7,0
"goodedw01",48.2,4
"gordoto01",35,3
"gorzeto01",6.6,0
"gossari01",41.6,9
"gottji01",9.8,0
"grabojo02",1.9,0
"grangwa01",0.7,0
"grantma01",2.3,0
"grantmu01",19.3,2
"graveda01",5.9,2
"graydo02",NA,NA
"grayso01",25.1,2
"grayte01",7.6,1
"greensh02",3.5,1
"gregelu01",6.5,0
"greggke01",4.7,0
"greinza01",71.5,6
"griffcl01",59.9,0
"griffto02",4,0
"grillja01",4.5,1
"grimbo01",6.2,1
"grimebu01",46.7,0
"grimmju01",-2.5,0
"grimsja01",5.4,0
"grimsro02",6.4,1
"grissle01",7.1,1
"grissma01",13.7,1
"gromest01",22.6,1
"groombo01",15.4,0
"groombu01",6.8,0
"grosske01",25.8,1
"grovele01",113.3,6
"groveor01",2.5,1
"guantce01",6.5,0
"guarded01",13.3,2
"gubicma01",37.4,2
"guerrja01",2.6,0
"guerrma02",8,0
"guettle01",3.4,0
"guidrro01",47.9,4
"gullibi01",23.6,0
"gumbead01",15.4,0
"gumbeha01",17.5,0
"gumpera01",7.3,1
"gundeer01",0.8,0
"gurala01",21.5,1
"guthrje01",18.7,0
"guthrma01",9.3,0
"guzmaju01",24.5,1
"haasmo01",17.4,0
"habyajo01",6.2,0
"hackewa02",14.3,0
"haddiha01",29.9,3
"hadlebu01",35.3,0
"haefnmi01",15.7,0
"haineje01",35.7,0
"halamjo01",5.7,0
"haleda02",2.2,0
"hallabi01",15.9,1
"hallaro01",65.4,8
"halldi01",16.9,0
"hallto01",6.1,0
"hamelco01",58,4
"hamilda01",3.7,0
"hamilea01",25.1,0
"hamilja01",-3.7,0
"hamiljo02",15.3,0
"hamilst01",11.3,0
"hammaat01",9.5,1
"hammeja01",13.6,0
"hammoch01",9.1,0
"hamptmi01",20.7,2
"handbr01",8.3,3
"handsbi01",30,0
"haneych01",3.2,0
"hannaji01",2.2,0
"hansoer01",22.3,1
"happja01",21.5,1
"haranaa01",23.8,0
"hardeme01",48.5,4
"harderi01",17.9,0
"harenda01",32.9,3
"hargast01",11.7,1
"harnipe01",19,1
"harpeha01",14,0
"harrige01",-0.9,0
"harrigr01",19.2,0
"harrimi01",6.8,1
"harrisl01",18.5,0
"harriwi02",NA,NA
"harshja01",11.3,0
"harvema01",10.1,1
"hasslan01",7.3,0
"havenbr01",1.2,0
"hawkian01",2.9,0
"hawkila01",18,0
"hawlepi01",38.6,0
"hayneji01",2.8,0
"haynejo01",9,1
"healyjo01",8.9,0
"heanean01",6.6,0
"hearnji01",17.1,1
"heatone01",8.2,1
"heimafr01",5.6,0
"heintke01",16.8,0
"hellije01",11.1,0
"helliri01",21,0
"hembrhe01",0.6,0
"hemmige01",15.1,0
"hendrcl01",25.4,0
"hendrli01",9.2,3
"hendrma01",4.1,0
"henketo01",23,2
"hennemi01",12.9,1
"henrybi01",14.7,2
"henrydo01",2.5,0
"henrydw01",-0.1,0
"hentgpa01",33,3
"herbera01",16.3,1
"herbero01",3.6,0
"heredfe01",0.5,0
"heredgi01",9.7,0
"hergema01",6.1,0
"hermadu01",12.7,0
"hernada01",4.7,0
"hernafe02",49.9,6
"hernali01",24.8,2
"hernaor01",23.1,0
"hernara01",6.2,0
"hernaro01",18.5,2
"hernawi01",16.6,3
"hernaxa01",2.7,0
"herreke01",10.1,2
"herriar01",3.5,0
"hershor01",51.4,3
"heskejo01",9,0
"hessot01",8,0
"hevinjo02",9.6,0
"higbeki01",19.5,2
"hildeor01",21.3,1
"hillca01",11.4,0
"hillejo01",31,1
"hillke01",22.6,1
"hillri01",17.5,0
"hitchst01",9.5,0
"hoeftbi01",17.1,1
"hoernjo01",10.2,1
"hoffmtr01",28.1,7
"hogsech01",5.3,0
"hollaal01",12.1,1
"hollade01",9.1,0
"hollagr01",12.4,3
"hollial01",11.2,0
"holloke01",5.7,0
"holmeda01",7.4,0
"holtzke01",27,2
"honeyri01",21.3,2
"hooddo01",5.4,0
"hootobu01",36.4,1
"horlejo01",25.5,1
"houghch01",39,1
"houttar01",11.2,1
"howelha01",33,0
"howelja01",15.1,3
"howeljp01",7.9,0
"howest01",10.4,1
"howrybo01",10.7,0
"hoytwa01",54.1,0
"hraboal01",10,0
"hubbeca01",68.8,9
"hudliwi01",30.6,0
"hudsoda01",6.2,0
"hudsosi01",12.4,2
"hudsoti01",56.6,4
"huffda01",-1.7,0
"hugheja02",8.5,0
"hugheph01",11.3,1
"hugheto01",13.2,0
"huismma01",0.8,0
"humeto01",6.5,1
"humphbo01",5,0
"hunteca01",36.3,8
"hunteto02",11.4,0
"hurstbr01",34.5,1
"hutchfr01",20.7,1
"isrinja01",12.3,2
"jacksal01",5.6,0
"jacksda02",18,2
"jacksed01",8.2,1
"jacksgr01",14.1,1
"jacksla01",52.6,5
"jacksmi02",18.8,0
"jacksro03",5.5,0
"jacobel01",6.4,0
"jamesbi01",6,0
"jamesbo01",2.2,0
"janseke01",19.5,3
"jarvike01",-4.6,0
"jayjo01",15.7,2
"jeffcmi01",2.7,0
"jeffeje01",0.7,0
"jeffrje01",8.8,1
"jenkife01",82.2,3
"jepseke01",1.7,0
"jimenub01",21,1
"johnsha01",3.8,0
"johnsja02",4.7,0
"johnsje01",-2.3,0
"johnsji04",8.3,1
"johnsjo07",1.8,0
"johnske02",20.2,0
"johnsra05",103.5,10
"johnssi01",12.1,0
"johnssy01",29.4,0
"johnswa01",152.3,0
"johnto01",62.1,4
"jonesba01",1.8,0
"jonesbo03",8.1,1
"jonesdo01",21.4,5
"jonesgo01",1.9,0
"jonesna01",5.7,0
"jonesra01",18.8,2
"jonessa01",39.7,0
"jonessa02",19.8,2
"jonesto02",10.3,1
"judenje01",0.2,0
"juliojo01",1.5,0
"kaatji01",45.2,3
"kamiesc01",9,0
"karsast01",11.1,0
"kaufmto01",6.9,0
"kazmisc01",22.8,3
"keefeti01",89.1,0
"kekicmi01",-4.4,0
"kellesh01",4.2,0
"kellnal01",12.5,1
"kellyjo05",5.7,0
"kemmeru01",5.3,0
"kendrky01",4.4,0
"kennebr01",32.2,0
"kenneia01",16.3,0
"kennejo04",7.4,0
"kenneve01",10.3,2
"kensilo01",-0.9,0
"keougma02",5.8,1
"kernji01",14.3,3
"kershcl01",73.1,9
"keuchda01",19.1,2
"keyji01",49,5
"kileda01",20.6,3
"killefr01",30.5,0
"kilroma01",23.2,0
"kimbrcr01",21.8,8
"kimby01",11.1,1
"kindeel01",30.9,0
"kingra01",5.4,0
"kingsi01",50.1,0
"kintzbr01",6.9,1
"kisonbr01",14.3,0
"kitsofr01",21.9,0
"klinero01",20.2,0
"klinest02",9.9,0
"klippjo01",13.7,0
"klubeco01",34.7,3
"kneppbo01",20.9,2
"knottja01",12,0
"knowlda01",12.2,1
"kolpra01",15,0
"konstji01",11.8,1
"kontoge01",4,0
"kooncca01",8.7,0
"koosmje01",57,2
"kosloda01",17.8,0
"koufasa01",53.1,7
"kralija01",18.3,1
"krameja01",11,3
"krausle02",2,0
"kremera01",26.6,0
"kretllo01",-0.3,0
"kruegbi01",2.8,0
"krukomi01",21.4,1
"kuzavbo01",5.3,0
"labincl01",14.3,2
"lackejo01",38.1,1
"lacorfr01",-3.6,0
"lacosmi01",1.2,1
"laffeaa01",2.3,0
"lagrole01",4.4,0
"lamabja01",0.5,0
"lampde01",16,0
"langfri01",10.8,0
"langsma01",50,4
"laniema01",30.4,2
"lannijo01",9.2,0
"lapoida01",8.4,0
"larocda01",14.4,2
"larsedo01",12.5,0
"laryfr01",29.3,3
"latmaba01",3.8,1
"latosma01",12.3,0
"lavelga01",19.7,2
"lawsoro01",4.1,0
"lawve01",26,2
"leachte01",10.2,0
"leagubr01",2.6,1
"leakemi01",13.6,0
"learyti01",10.5,0
"leblawa01",4.1,0
"ledezwi01",-1.7,0
"leebi02",32.5,2
"leebi03",21.4,1
"leecl02",42.5,4
"leedo01",7.7,0
"leeth01",35,2
"leevesa01",41,0
"leffecr01",9.4,0
"leibrch01",34,0
"leifile01",21.3,0
"leipeda01",1.1,0
"leiteal01",42.5,2
"leitema01",3.8,0
"lemasde01",19,1
"lemonbo01",37.5,7
"leonade01",25.7,0
"leonadu01",37.4,0
"leonadu02",51.7,5
"leonedo01",3.8,0
"lerchra01",-3.7,0
"leskacu01",11.9,0
"lestejo01",43.5,5
"levinal01",5.9,0
"lewisco01",8.9,0
"lidgebr01",7.8,2
"lidleco01",10.6,0
"liebejo01",25.5,1
"lillyte01",29.2,2
"limajo01",6.2,1
"linceti01",19.9,4
"lindbpa01",9.6,0
"lindsji01",2.3,0
"linebsc01",9.3,0
"linzyfr01",12.5,0
"liriafr01",18,1
"littldi01",2.1,0
"lloydgr01",5.3,0
"loaizes01",23,2
"lockebo01",0.4,0
"lockebo02",10.6,0
"lockwsk01",10.6,0
"loeka01",1,0
"loesbi01",10.1,1
"loganbo02",2.3,0
"lohrmbi01",5.6,0
"lohseky01",19.4,0
"lolicmi01",47.9,3
"lonboji01",14.7,1
"loopebr01",7.2,0
"lopated01",28.2,1
"lopezal02",4,0
"lopezau01",9.5,1
"lopezja02",8.1,0
"lopezjo02",0.5,1
"lopezro01",NA,NA
"loupaa01",6.7,0
"lowdegr01",-2.1,0
"lowede01",33.1,2
"lowema01",0.1,0
"lowntu01",10.6,0
"lucasre01",32.7,0
"luquedo01",43.8,0
"lylesjo01",-1.2,0
"lylesp01",22.8,3
"lynnla01",31.4,2
"lyonbr01",6.1,0
"lyonste01",66.8,1
"macdomi01",3.8,1
"macfada01",26,0
"maddugr01",104.8,8
"maddumi01",6,0
"madsory01",13.7,0
"maglisa01",34.2,2
"magnami01",5.4,0
"mahayro01",8,0
"mahlemi01",1.6,0
"mahleri01",19.6,0
"maholpa01",13.1,0
"mahompa01",-0.4,0
"malonji01",34.1,1
"malonpa02",19.9,0
"mamaual01",14.8,0
"mantema01",4.3,0
"manzajo01",0.9,0
"marbefi01",31.7,0
"maricju01",61.8,10
"marmoca01",9.7,1
"marquja01",4.3,1
"marquru01",34.7,0
"marshmi01",17.2,2
"marteda01",10.3,0
"martide01",49.3,4
"martimo01",4.5,0
"martipe02",86.1,8
"martira02",25.9,1
"martiti01",8.6,1
"martito02",0.4,0
"masonro01",1.3,0
"masseni01",2.5,0
"masteju01",10,1
"mastewa02",10.9,2
"mathebo01",62.3,0
"mathech01",100.4,0
"mathetj01",NA,NA
"matlajo01",38.9,3
"maulal01",11.3,0
"mayerer01",12.7,0
"mayja01",8.5,0
"mayru01",20.7,0
"maysca01",43.6,0
"mcbeaal01",13.6,0
"mccarbr01",10.5,0
"mccaski01",14.3,0
"mcclubo01",10.4,0
"mccorji01",76,0
"mccormi03",17.4,4
"mcdanli01",29,2
"mcdermi03",13.5,0
"mcdowja01",27.8,3
"mcdowro01",9.4,0
"mcdowsa01",43.1,6
"mcelrch01",8.6,0
"mcfartj01",0.1,0
"mcgafan01",11.5,0
"mcgeeja01",7,0
"mcginjo01",61.9,0
"mcgloji01",6.3,1
"mcgloly01",14.1,1
"mcgowdu01",1.9,0
"mcgrabo01",-1.9,0
"mcgratu01",21,2
"mcgresc01",20.2,1
"mchugco01",12.7,0
"mclaide01",20.5,3
"mclisca01",7.6,1
"mcmahdo02",22.6,1
"mcmahsa01",43.6,0
"mcmicgr01",6.7,0
"mcnalda01",24.8,3
"mcquige01",20.2,0
"mcquihu01",8.5,0
"mcwilla01",11.8,0
"meadobr01",0.9,0
"meadole01",30.7,0
"mechegi01",16.9,1
"mecirji01",8,0
"medicdo01",20,0
"meekijo01",25.6,0
"melanma01",13.3,4
"mendora01",11.8,0
"menefjo01",7.5,0
"merckke01",12.8,0
"merriji01",16.2,1
"mesajo01",11.4,2
"messean01",37.6,4
"meyerru01",12.7,0
"micelda01",2.5,0
"mikkepe01",2.1,0
"mileywa01",15.8,1
"millean01",8.5,2
"millebo02",9.4,0
"millebo04",17.9,0
"millesh01",7.3,1
"millest01",27.2,2
"milletr02",4.7,0
"millsal01",6.7,0
"millwke01",30.7,1
"milnaal01",4.8,1
"milonto01",3.8,0
"miltoer01",15.8,1
"mingost01",8.5,0
"minnepa01",16.6,0
"minormi01",18.8,1
"mintogr01",16.9,1
"mirabpa01",0.6,0
"mitchcl01",20.4,0
"mitchwi01",17.1,0
"mizelvi01",17.5,2
"mlickda01",5.9,0
"moehlbr01",12.4,0
"moffira01",5.8,0
"mogrige01",28.9,0
"mohlemi01",1.9,0
"monbobi01",22.7,4
"mongesi01",8.6,1
"montejo01",21.5,1
"monteri01",2.6,0
"montgje01",20.5,3
"mooredo01",6.1,1
"mooreea01",31.4,0
"moorema02",7.5,1
"mooremi01",27.9,1
"moorera02",6.7,0
"moosebo01",7.5,0
"moralfr01",1.8,0
"morgacy01",12.3,0
"morgami01",28.7,1
"morgato01",7.5,0
"morrija02",43.6,5
"morrijo04",21.4,0
"morrima01",18.3,2
"morrobr01",11.4,0
"mortoch02",15.4,2
"mortogu01",19.5,0
"mossido01",22.6,1
"motagu01",5.6,0
"moyerja01",50,1
"moylape01",6,0
"mujiced01",3.9,1
"mulhote01",12.9,1
"mullato01",61,0
"mullige01",34.8,0
"muncrbo01",15.7,1
"mungere01",15.6,3
"mungova01",30.8,5
"munozmi01",2.2,0
"murphjo04",15.5,3
"murphro01",5.5,0
"murphto02",8.7,0
"murrada01",2.9,0
"mussimi01",82.8,5
"myersbr01",15.3,0
"myersmi01",8.1,0
"myersra01",15.1,4
"nagych01",24.8,3
"nathajo01",26.4,6
"navarja01",9.9,0
"neaglde01",22.5,2
"nehfar01",24.7,0
"nelsoge01",7.4,0
"nelsoje01",14.7,1
"nenro01",15.1,3
"neshepa01",10.6,2
"newcodo01",30.2,4
"newhoha01",60,7
"newsobo01",51.3,4
"nicasju01",2.7,0
"nichoki01",116.7,0
"niedeto01",10.3,0
"niekrjo01",28.7,1
"niekrph01",97,5
"niesejo01",6.8,0
"niggejo01",19.7,0
"nitkocj01",NA,NA
"nolanga01",25.6,1
"nolasri01",13.1,0
"nolesdi01",0.7,0
"nomohi01",21.8,1
"normafr01",17.2,0
"norribu01",5.1,0
"norrida01",5.4,0
"norrimi01",8.1,1
"nottedo01",9.4,0
"novaiv01",13,0
"nunezed01",4.2,0
"nunezvl01",-0.6,0
"nuxhajo01",26.8,2
"odayda01",17.4,1
"odellbi01",NA,NA
"odombl01",2.2,2
"odonojo01",NA,NA
"odorija01",13.7,1
"oeschjo01",6.3,0
"oflaher01",3.8,0
"ohkato01",12,0
"ohlenro01",1.7,0
"ohmanwi01",3.1,0
"ojedabo01",24.4,0
"olivaom01",13.2,0
"oliveda02",21.2,0
"olsongr01",12.7,1
"ontivst02",8.7,1
"oroscje01",22.9,2
"ortegph01",1.5,0
"orthal01",43.8,0
"ortizra01",NA,NA
"ortizru01",9.3,1
"osteecl01",36.8,3
"osterfr01",34.3,0
"osunaan01",6.2,0
"oswalro01",49.9,3
"otoolji01",NA,NA
"ottavad01",13.8,0
"overmst01",8.1,0
"owchibo01",2.1,0
"owensji01",5.3,0
"padilvi01",12,1
"paintla01",1.8,0
"palldo01",4,0
"palmeda01",11,0
"palmeji01",67.6,6
"papeljo01",23.3,6
"pappami01",46.2,3
"parkch01",18.1,1
"parkebl01",5.2,0
"parmero01",2.4,0
"parneme01",27.4,2
"parreje01",5.5,0
"pascuca02",37.5,7
"passecl01",43.4,5
"pattebo01",4.7,0
"pattima01",21.2,1
"pavanca01",16.6,1
"peacobr01",4.7,0
"pearsmo01",18.8,2
"peavyja01",37.2,3
"pelfrmi01",6.5,0
"peltyba01",21.7,0
"penaal01",15.7,0
"penaor01",13.3,0
"pennohe01",44.7,0
"pennybr01",18.8,2
"peraljo01",4.1,0
"peralwi01",4.7,0
"percitr01",17.1,4
"perezma02",12.9,1
"perezod01",9,1
"perezol01",10.2,0
"perezpa01",19.1,1
"perkigl01",9,3
"perraro01",18.9,0
"perripo01",9.1,0
"perryga01",93,5
"perryji01",38.4,3
"persoro01",4.7,0
"peterfr01",19.5,1
"peterga01",22.3,2
"petityu01",9.6,0
"petryda01",17.1,1
"pettian01",60.7,3
"pfeffje01",38.4,0
"phelpda01",7.4,0
"phillde01",36,0
"pichahi01",6.3,0
"piercbi02",53.3,7
"pineijo01",13.3,0
"pipgrge01",12.5,0
"pizarju01",16.2,2
"planked01",87.5,0
"plesada01",17.1,3
"plunker01",13.5,0
"podbibu01",2.6,0
"podrejo01",28.2,4
"politcl01",3.8,0
"polleho01",33.8,3
"pomerdr01",12.5,1
"ponsosi01",11.2,0
"pooleji02",0.8,0
"porceri01",18.8,0
"portebo01",17.2,1
"portuma01",15.9,0
"pottene01",23.1,0
"powelja01",54.6,0
"powelja04",2.9,0
"powerte01",7.6,0
"pressry01",9.7,2
"priceda01",40.3,5
"pricejo02",8.8,0
"priddbo01",1.2,0
"purcebl01",-3.2,0
"purkebo01",24.9,5
"putzjj01",13.1,1
"quallch01",5.9,0
"quantpa01",18.1,1
"quinnja01",59.8,0
"quintjo01",27.4,1
"quiseda01",24.6,3
"radatdi01",16.1,2
"radboch01",73.2,0
"radinsc01",6.5,0
"radkebr01",45.6,1
"raffeke01",34,1
"raganpa01",12.5,0
"ramirer02",5.1,0
"ramirne01",0.4,0
"ramirno01",1.6,0
"ramirra02",6.5,0
"ramosaj01",6.4,1
"ramospe01",22.4,1
"rapppa01",10.6,0
"raschvi01",16.2,4
"rasmude01",10,0
"rasmuer01",5.8,0
"rauchjo01",6.2,0
"rawlesh01",20.9,1
"raymocl01",3.4,1
"rayro02",17.9,1
"reardje01",19,4
"redmama01",11.1,1
"reedad01",6.1,0
"reedho01",4.6,0
"reedje01",5,0
"reedri01",20.1,2
"reedro01",24.8,1
"reedst01",17.8,0
"reganph01",11.8,1
"remlimi01",11.4,1
"renkost01",20.9,0
"reulbed01",38.1,0
"reuscri01",68.1,3
"reussje01",32.9,2
"reyesal01",5.9,0
"reyesca01",3.9,0
"reyesde01",5.9,0
"reynoal01",25.7,6
"reynoar02",12.3,0
"reynosh01",18,1
"rhemfl01",5.6,0
"rhodear01",15.2,1
"rhoderi01",30.1,2
"richacl01",1.2,0
"richaga01",8.5,0
"richajr01",NA,NA
"richepe01",13.2,2
"richile01",14.6,0
"riddlel01",11.9,1
"ridzist01",4.7,0
"righeda01",21.3,2
"rijojo01",35,1
"rincoju01",4.7,0
"rincori01",7.3,0
"ringji01",17.8,0
"riskeda01",7.4,0
"riverma01",56.3,13
"rixeyep01",57.4,0
"roarkta01",18.2,0
"roberda05",22.2,0
"roberda08",18.3,1
"roberna01",4.4,0
"roberro01",83,7
"robindo01",12.9,0
"robinje01",3.1,0
"robinro01",8.4,0
"robleha01",2.5,0
"rodnefe01",7.4,3
"rodrife01",8.3,0
"rodrifr03",24.2,6
"rodriri02",5.1,0
"rodriwa01",14,0
"roebued01",6.9,0
"roech01",1.2,0
"roepr01",34.6,5
"rogerke01",50.5,4
"rogerst01",45.1,5
"rogovsa01",7,0
"rojasme01",6.6,0
"rolanji01",4.2,0
"romerjc01",NA,NA
"rommeed01",50.3,0
"romose01",10.1,1
"romovi01",9,0
"rookeji01",17.1,0
"rootch01",37.5,0
"rosentr01",5.8,1
"rossbu02",3.3,0
"rosscza01",-0.6,0
"rossga01",3,0
"rossty01",6.3,1
"rowesc01",34.3,3
"rozemda01",15.7,0
"ruckena01",47.1,0
"rudoldi01",21.2,0
"rueteki01",16,0
"ruethdu01",23.4,0
"ruffibr01",9.8,0
"ruffire01",55.4,6
"ruhleve01",12,0
"ruschgl01",5.4,0
"rushbo01",36.5,2
"rusieam01",65.2,0
"russeal01",9,0
"russeja01",18,1
"russeje01",14.8,2
"ruthba01",20.4,2
"ruthvdi01",17.4,2
"ryanbj01",NA,NA
"ryanno01",83.6,8
"ryanro01",1.5,0
"rybami01",5.5,0
"rzepcma01",3,0
"sabatcc01",NA,NA
"saberbr01",58.9,3
"sadecra01",16.5,0
"sainjo01",24.8,3
"salasfe01",2.2,0
"salech01",45.6,7
"sallesl01",35,0
"samarje01",15.2,1
"sambijo01",8.4,1
"sanchaa01",8.3,1
"sanchan01",30,0
"sandeke01",11.2,0
"sandesc01",29.4,1
"sanfoja02",17.8,1
"santaer01",27.1,2
"santajo01",NA,NA
"santihe01",8.9,1
"saundjo01",8.5,1
"scanlbo01",0.8,0
"scarbra01",10.2,1
"schatda01",7.4,0
"scheica01",0.2,0
"scherma01",70.7,8
"schilcu01",80.5,6
"schmida01",8.8,0
"schmija01",31.7,3
"schmijo01",24.6,2
"schoesc01",2.8,0
"schoupe01",5.9,0
"schumha02",26.9,2
"schupfe01",5.5,0
"scottja01",11.7,0
"scottmi03",24,3
"scottti01",2.1,0
"seaneru01",3.3,0
"seaveto01",106,12
"seguidi01",12,0
"seleaa01",20,2
"selmadi01",9.6,0
"servisc01",0.8,0
"sewelri01",25.1,4
"shantbo01",32.1,3
"shautjo01",14.4,0
"shawbo01",19.1,1
"shawbr01",4.6,0
"shawje01",13.9,2
"shawkbo01",46.4,0
"sheetbe01",26.1,4
"shellji01",1.1,0
"sherdbi01",27.7,0
"sherrge01",5.1,1
"sherrla01",5.6,0
"shielja02",30.4,1
"shielsc01",12.2,0
"shirlbo01",10.1,0
"shockur01",54.7,0
"shortch02",31.4,2
"shouncl01",8.1,0
"shousbr01",5.2,0
"shower01",15.1,0
"shrevch01",3.3,0
"shueypa01",6.8,0
"siebeso01",29.3,2
"simmocu01",42.6,3
"singebi01",19.4,2
"sippto01",4.9,0
"slatoji01",17.5,1
"slocuhe01",5.6,1
"smallaa01",1.6,0
"smilejo01",19.8,2
"smithal03",6,1
"smithbo02",23.7,0
"smithbr01",16.5,0
"smithch02",9.7,0
"smithda02",11.9,2
"smithed04",16.7,2
"smithfr03",17.1,0
"smithge02",5,0
"smithjo05",12.9,0
"smithle02",29.3,7
"smithpe02",5.2,0
"smithph01",5.1,0
"smithsh01",24.5,0
"smithwi04",6,1
"smithza01",20.7,0
"smoltjo01",66.4,8
"smylydr01",12.6,0
"solomed01",6.1,0
"sorenla01",13.6,1
"soriajo01",18.6,2
"soriara01",13.9,1
"sorrevi01",20.3,0
"sosael01",9.4,0
"sosajo02",2.6,0
"sothoal01",13.7,0
"sotoma01",26.8,3
"spahnwa01",92.5,17
"sparkst01",10.4,0
"sparktu01",24.3,0
"speieju01",7.7,0
"spillda01",9.3,0
"splitpa01",22.4,0
"spraged01",-1,0
"sprinja01",0.4,0
"sprinru01",3.1,0
"stalege01",21.5,4
"stammcr01",9.2,0
"stangle01",11,0
"stanhdo01",5.1,1
"stanlbo01",23.9,2
"stantmi02",13.8,1
"staufti01",3.6,0
"stclara01",NA,NA
"stewada01",26.1,1
"stewale01",24.4,0
"stewasa01",10,0
"stiebda01",56.5,7
"stiveja01",40.3,0
"stobbch01",14.2,0
"stockwe01",5.8,0
"stoddti01",4.6,0
"stonede01",1.1,1
"stonest01",18.6,1
"stottme01",40.7,5
"stottto01",21,0
"strasst01",30.9,3
"stratsc01",12.6,0
"streehu01",14.5,2
"strichu01",5,0
"strinni01",6.5,0
"stroppe01",8.9,0
"stulter01",2.1,0
"sturdto01",10.3,0
"sturtta01",4.7,0
"sudhowi01",13.4,0
"sullifr01",22.9,2
"sullimi02",0.5,0
"sullisc01",6.9,0
"sundrst01",4.5,0
"suppaje01",15.7,0
"surkoma01",8,0
"sutclri01",31.2,3
"suttebr01",24.5,6
"suttodo01",68.3,4
"swancr01",12.7,0
"swarzan01",4.9,0
"swiftbi01",19.3,0
"swiftbi02",18.9,0
"swindgr01",30.2,1
"talbofr01",1.4,0
"tallebr01",0.4,0
"tananfr01",57.1,3
"tanneje01",40.4,0
"tapanke01",29.2,0
"tavarju01",4.9,0
"taylodu01",15.1,0
"tayloja02",31.5,0
"tayloro01",5.3,0
"tazawju01",2.2,0
"teherju01",19.4,2
"tekulke01",26.1,1
"telemam01",-0.8,0
"terrewa01",10.9,0
"terryad01",29.6,0
"terryra01",13.2,2
"tewksbo01",21.3,1
"thatcjo01",2.6,0
"thigpbo01",7.8,1
"thomato02",25.8,0
"thomsjo01",11.6,0
"thornma01",13.5,1
"thornty01",3.9,0
"thurssl01",12,0
"tiantlu01",65.6,3
"tidrodi01",14.3,0
"tiefebo01",1.4,0
"tillmch01",8.8,1
"timlimi01",19.1,0
"tobinji01",19.3,1
"tomkobr01",10.9,0
"tomlida01",-1.2,0
"tomlijo01",5.2,0
"toneyfr01",28.4,0
"torreca01",4,0
"torremi01",23.8,0
"torresa01",5.9,0
"trachst01",24.8,1
"treinbl01",10.9,1
"trombmi01",9.1,0
"troutdi01",45.2,2
"troutst01",13.2,0
"truckvi01",42.3,2
"tsitojo01",2.2,0
"tudorjo01",34.1,0
"turlebo01",14,3
"turneja01",-2.5,0
"turneji01",10.3,1
"twitcwa01",3.3,1
"tylerle01",22.2,0
"ueharko01",13.5,1
"uhlege01",45.1,0
"underto01",10.8,0
"upshace01",7.2,0
"urbinug01",13.3,2
"valdeis01",24.5,0
"valenfe01",37.4,6
"valvejo01",11.4,3
"vanceda01",62.9,0
"vandejo01",26.7,4
"vangiel01",13.2,0
"vanpoto01",-0.4,0
"vargacl01",4.1,0
"vargaja01",16.8,1
"vaughhi01",47.1,0
"vazquja01",43.4,1
"vealebo01",24.7,2
"verasjo01",3.8,0
"veresda01",12.7,0
"verlaju01",78.1,9
"villaca01",6.9,0
"villoro01",4.3,0
"vinceni01",6,0
"violafr01",47.1,3
"vizcalu01",5,0
"vogelry01",0.6,1
"voisebi01",12.3,1
"volqued01",7,1
"vosbeed01",1.9,0
"vuckope01",16.7,0
"wachami01",11.3,1
"wadderu01",60.9,0
"wadeja01",1.1,0
"wagnebi02",27.8,7
"wainwad01",42.4,3
"waitsri01",14.4,0
"wakefti01",34.5,1
"walberu01",38.9,0
"walkbo01",5.6,1
"walkebi01",18.1,1
"walkeja01",4,0
"walketa01",9.8,1
"walshed01",63.8,0
"waltebu01",46.5,6
"warddu01",10.2,1
"warnelo01",42.1,5
"warread01",6.7,0
"wasdijo01",3.4,0
"washbja01",27.7,0
"washbra01",8.9,0
"watsoal01",1.1,0
"watsomu01",1.6,0
"watsoto01",13.1,1
"watted01",6.9,0
"weathda01",10.9,0
"weaveje01",14.2,0
"weaveje02",34.9,3
"weaveji01",7.6,0
"weberry01",1.2,0
"wegmabi01",17.8,0
"wehmehe01",6.4,0
"weilabo01",12.8,0
"welchbo01",43.4,2
"welchjo01",6.9,0
"welchmi01",63.1,0
"welleto01",-0.4,0
"wellsbo01",3.6,0
"wellsda01",53.6,3
"wellsed01",6.8,0
"wellski01",7.1,0
"wendetu01",5.8,0
"westbja01",12.8,1
"westda01",2.6,0
"wettejo01",19.1,3
"weyhigu01",47.7,0
"wheelda01",7.8,0
"whitedo01",43.8,0
"whiteea01",36.1,0
"whitega01",6.4,0
"whiteha01",10.9,0
"whitema02",0.7,0
"whiteri01",2.7,0
"whitewi01",39.5,0
"whitnji01",47.5,0
"whitsed01",22.7,1
"wickeda01",9.9,0
"wickmbo01",16.9,2
"wiedmst01",22.7,0
"wightbi01",13.6,0
"wilcomi01",13,0
"wilheho01",49.7,8
"wilkste01",17.2,0
"willeed01",11.4,0
"willibr01",-4.3,0
"willica01",1.8,0
"willido03",15.4,2
"willije02",-1.2,0
"willimi02",7.2,1
"willimi03",3.6,2
"willisc01",8.7,1
"willist02",23.8,2
"willivi01",67,0
"williwo02",27.6,1
"wilsocj01",17.3,2
"wilsoea01",20.4,0
"wilsoja01",11.8,0
"wilsoji02",11.2,3
"wilsoju10",7.4,0
"wiltsho01",27.9,0
"wiseri01",31.9,2
"wislema01",1.9,0
"witasja01",3,0
"wittbo01",14.7,0
"wittmi01",21.6,2
"wohlema01",3.8,1
"wolfra02",19.5,1
"woodal02",13.9,1
"woodeha01",10.7,1
"woodjo02",29.6,0
"woodke02",26.8,2
"woodwi01",52.2,3
"worreti01",9,0
"worreto01",11.1,3
"worthal01",17.2,0
"wrighcl01",11.4,1
"wrighja01",10.2,0
"wrighja02",4.6,0
"wrighwe01",2.1,0
"wyattjo02",10.8,1
"wyattwh01",22.1,4
"wynnea01",51.5,9
"yanes01",0.7,0
"youngch03",16.9,1
"youngcu01",4.2,0
"youngcy01",165.6,0
"youngma01",7.3,1
"zachato01",37.5,0
"zachrpa01",11.8,1
"zahnge01",20.5,0
"zambrca01",38.3,3
"zieglbr01",13.3,0
"zimmejo02",21.4,2
"zitoba01",33.1,3
"zoldasa01",10.9,0
"zuberbi01",2,0
"zuverge01",7.2,0
