"player","war","all_stars"
"aaronha01",143,25
"aasedo01",-0.1,1
"abadfe01",-0.1,0
"abbated01",8.7,0
"abbotgl01",0,0
"abbotji01",-0.1,0
"abbotku01",0.5,0
"abbotpa01",0.2,0
"abernte02",-0.7,0
"abramca01",8.5,0
"abreubo01",60.2,2
"accarje01",-0.1,0
"aceveju01",-0.4,0
"ackerji01",0.1,0
"adairje01",8.4,0
"adamsba01",2.5,0
"adamsbo03",15.7,0
"adamsma01",4.9,0
"adamsmi03",0,0
"adamssp01",17.5,0
"adamste01",-0.4,0
"adcocjo01",33.5,2
"adriaeh01",1,0
"affelje01",0,0
"ageeto01",25.4,2
"agostju01",-0.1,0
"aguaylu01",2.7,0
"aguilje01",4.1,1
"aguilri01",1.2,3
"aguirha01",-3.2,2
"ainsmed01",6.4,0
"akerja01",-0.7,0
"alberma01",-0.3,0
"aldremi01",8.8,0
"aldresc01",0,0
"alexado01",0.3,1
"alexama02",-2.3,0
"alexape01",3.1,0
"alfonan01",0,0
"alfoned01",28.7,1
"alicelu01",11.9,0
"allenbe01",9.3,0
"allendi01",58.7,7
"allenet01",7.6,0
"allenjo02",-1.4,1
"allenne01",0,0
"alleyge01",24.2,2
"allisbo01",34.2,3
"allisdo01",6.9,0
"almadme01",1.1,0
"almonab01",1.1,0
"almonbi01",4.7,0
"alomaro01",67,12
"alomasa01",10.5,1
"alomasa02",13.7,6
"alonsyo01",8.1,1
"aloufe01",42.2,3
"alouje01",0.8,0
"alouma01",23,2
"aloumo01",39.9,6
"altroni01",0.5,0
"altuvjo01",46.5,8
"alvarjo02",0.1,0
"alvarlu01",-3.2,0
"alvarwi01",-0.2,1
"amalfjo01",1.8,0
"amarari01",5.1,0
"amaroru01",2.3,0
"amesre01",-4.3,0
"amezaal01",3.2,0
"anderbr01",35,3
"anderbr02",-0.9,0
"anderbr04",-0.2,0
"anderda02",5.7,0
"anderga01",25.7,3
"anderjo01",28.8,0
"anderla02",0,0
"anderma02",7.3,0
"andinro01",1.9,0
"andreiv01",-0.9,0
"andruel01",33.5,2
"andujjo01",-0.6,4
"ankieri01",5.5,0
"ansonca01",94.4,0
"anthoer01",-0.2,0
"antonjo02",0.7,6
"aparilu01",55.9,13
"appieke01",-0.4,1
"applepe01",0.5,0
"applilu01",77.6,7
"aquinlu01",-0.2,0
"archech01",-0.2,2
"archeji01",10.3,0
"arenano01",52.2,7
"ariasal01",1.9,0
"armasto01",15.8,2
"armasto02",-1.5,0
"armstsh01",0,0
"arrieja01",1.7,1
"arrigge01",0.2,0
"arroybr01",-1.2,1
"ashburi01",64.2,6
"ashbyal01",11.1,0
"ashbyan01",-0.6,2
"asprobo01",1.2,0
"asproke01",2,0
"assenpa01",0,0
"astacpe01",-2.7,0
"astrojo01",0.9,0
"auerbri01",1,0
"augusje01",NA,NA
"aukerel01",-0.1,0
"aurilri01",18.2,1
"ausmubr01",16.5,1
"austiji01",22.8,0
"averiea01",51.5,6
"averyst01",1.3,1
"avilaal01",17,1
"avilabo01",28.4,3
"avilalu01",0,0
"avilemi01",5.7,0
"axforjo01",0,0
"ayalabe01",1,0
"ayalalu01",0.2,0
"aybarer01",22.7,1
"aybarma01",0.3,0
"ayersdo01",-1.1,0
"azcuejo01",8.6,1
"backmwa01",13.1,0
"baergca01",19.6,3
"baezda01",0,1
"baezja01",25.9,2
"bagbyji02",1.4,2
"bagweje01",79.9,4
"bahnsst01",-1.2,0
"bailebi01",0.2,0
"bailebo01",28.7,0
"baileed01",27.2,6
"baileho02",0.1,0
"bailobo01",8.9,0
"baineha01",38.8,6
"bairddo01",6.5,0
"bairdo01",-0.3,0
"bakerdu01",37,2
"bakerfl01",7.8,0
"bakerfr01",62.8,0
"bakerje03",1.1,0
"bakersc02",-0.1,0
"bakopa01",-1.3,0
"balbost01",0.8,0
"baldwja01",-0.2,1
"balfogr01",0,1
"bancrda01",49.7,0
"bandoch01",1.7,0
"bandosa01",61.5,4
"bankhsc01",0,0
"bankser01",67.7,14
"bankswi01",0.2,0
"bannial01",3.6,0
"bannifl01",-0.1,1
"barajro01",4.6,0
"barbest01",-0.7,2
"bardjo01",3.3,0
"barfije01",39.4,1
"barkele01",-0.6,1
"barmecl01",14.9,0
"barneda01",8.8,0
"barneja01",0.1,0
"barneje01",0.6,0
"barnevi01",-4,0
"barrebi02",6,0
"barreji01",19.3,0
"barrema02",9.2,0
"barremi01",2.7,0
"barrere01",-2.7,1
"barrji01",-0.1,0
"barryja01",25.9,0
"barrysh01",3.6,0
"bartedi01",41.7,2
"bartlja01",18.4,1
"bartobo01",1.7,0
"bassan01",0,0
"bassech01",10.4,0
"basske01",14.7,1
"bastaan01",0,0
"bastich01",2.1,0
"batemjo01",0.9,0
"batesjo02",20.8,0
"batismi01",-1.9,0
"batisto01",13.8,2
"batteea01",18.8,5
"battijo01",6.4,0
"battsma01",1.9,0
"bauerha01",27.2,3
"bauertr01",-0.4,1
"baumafr01",1.7,0
"baumhfr01",8.1,0
"bautida01",-0.5,0
"bautide01",0,0
"bautijo01",-0.4,0
"bautijo02",36.7,6
"bayja01",24.8,3
"baylodo01",28.5,1
"beaucji01",-1.4,0
"beaumgi01",30.5,0
"beckbo01",-0.3,0
"beckebe01",8,0
"beckegl01",15.6,4
"beckejo02",0.4,3
"beckeri01",8.3,0
"beckhgo01",5.5,0
"becklja01",61.5,0
"beckro01",0,3
"bedarer01",0.1,0
"bedroca01",0,0
"bedrost01",-1,1
"beggsjo01",-0.3,0
"beimejo01",0.3,0
"belanma01",41,1
"belchti01",-0.8,0
"belinst01",0,0
"belisma01",-0.5,0
"bellbu01",66.3,5
"bellda01",15.2,0
"bellde01",13.2,0
"belleal01",40.1,5
"bellga01",1.8,4
"bellge02",20,3
"bellgu01",15.7,4
"bellhe01",-0.1,3
"bellhma01",8,0
"bellira01",-0.1,0
"belliro01",20.7,1
"bellja01",37.1,2
"beltbr01",27.6,1
"beltrad01",93.5,4
"beltrca01",70.1,9
"benchjo01",75.1,14
"bendech01",5.2,0
"benedbr01",7.3,2
"benesan01",0.2,1
"bengera01",-1.6,0
"bengobe01",0.3,0
"beniqju01",9.9,0
"benitar01",-0.1,2
"benjami01",6.7,0
"bennech01",38.8,0
"bennega01",-3.1,0
"benoijo01",-0.1,0
"bensokr01",-0.3,0
"bentlja01",1.7,0
"bentoal01",-6,2
"bentola01",-2.5,0
"bentoru01",-2.1,0
"benzito01",-2.7,0
"berarjo01",-2.2,0
"bereja01",0.4,1
"berenju01",-0.2,0
"bergebi01",-6.9,0
"bergewa01",42.5,4
"bergmda01",6.7,0
"bergmo01",-4.6,0
"berkmla01",51.9,6
"bernato01",13.2,0
"bernhbi01",-1.6,0
"berrada01",5.4,0
"berrayo01",59.4,18
"berrera01",-3.5,0
"berroan01",1,0
"berroge01",7.4,0
"berrych02",5.9,0
"berryda01",0.2,0
"berryke01",15.2,1
"berryse01",4.8,0
"bertore01",-1.2,0
"beschbo01",21.2,0
"betande01",0,4
"betanra01",0,0
"betanyu01",-2.4,0
"betemwi01",2.8,0
"bettshu01",0.1,0
"bevacku01",-3.9,0
"bibbyji01",0.8,1
"bicheda01",5.7,4
"bielemi01",-1.6,0
"bierblo01",13.9,0
"bigbeca01",11.7,0
"biggicr01",65.5,7
"biittla01",-1,0
"bilkost01",4.9,0
"billija01",-2.6,1
"billijo01",-1.7,0
"birddo01",-0.2,0
"bishoma01",38.1,0
"blackbu02",-0.2,0
"blackch02",19.3,4
"blackew01",-0.5,6
"blackti01",1.1,0
"bladera01",15.4,0
"blaehge01",-3.2,0
"blairpa01",37.7,2
"blairwi01",-1.1,0
"blakeca01",24.8,0
"blakesh01",-1,0
"blancan01",1.6,0
"blancgr01",7.4,0
"blanche01",-0.1,0
"blancjo01",1.5,0
"blantjo01",-0.8,0
"blasido01",18.3,1
"blasiwa01",1.7,0
"blassst01",0.5,1
"blausje01",20.9,2
"blefacu01",11.1,0
"blevije01",0,0
"bloodji01",1,0
"bloomwi01",1.7,0
"blowemi01",4.3,0
"bluegos01",28.5,1
"bluelu01",37.5,0
"bluevi01",0.2,6
"blumge01",3.3,0
"blylebe01",-1.6,2
"bocachi01",0.1,0
"boccajo01",-0.3,0
"bochtbr01",19.5,1
"boddimi01",0,1
"boehrbr01",-0.2,0
"boevejo01",-0.1,0
"bogaexa01",34.9,4
"boggswa01",91.4,12
"bohanbr01",1.1,0
"bolinbo01",2.2,0
"bollifr01",16.9,4
"bondeje01",-0.3,0
"bondsba01",162.8,14
"bondsbo01",57.8,3
"bondto01",-0.1,0
"bonesri01",0,1
"bonhabi01",0.2,0
"bonhati01",-0.9,2
"bonifem01",3.2,0
"bonilbo01",30.2,6
"bonneba01",1.7,0
"booneaa01",13.6,1
"boonebo01",27.4,4
"boonebr01",22.8,3
"boonera01",25.8,2
"borbope01",0.3,0
"borbope02",-0.1,0
"bordafr01",2.1,0
"bordepa01",3.6,0
"bordimi01",26.8,1
"borlato02",-0.1,0
"borowha01",0.3,2
"borowjo01",0,0
"bosioch01",0,0
"boskish01",0.8,0
"bosleth01",2.3,0
"bosmadi01",-0.5,0
"bostoda01",4.3,0
"bosweke01",5.4,0
"bottari01",-0.1,1
"botteke01",-0.3,1
"bottoji01",35.8,0
"boudrlo01",63.3,8
"bourjpe01",9.6,0
"bournmi01",22.8,2
"boutoji01",-1.9,1
"bowala01",22.8,5
"bowerfr01",9.6,0
"bowmajo01",3.3,0
"boxbebr01",-0.1,1
"boydbo01",7.7,3
"boydoi01",-0.6,0
"boyerbl01",-0.2,0
"boyercl02",27.6,0
"boyerke01",62.8,11
"boyleja01",-0.4,0
"brachbr01",0,1
"bradfbu01",0.7,0
"bradfch01",0,0
"bradlbi01",36.6,0
"bradlge01",0.7,0
"bradlja02",17.4,1
"bradlmi01",16.9,1
"bradlsc01",-1.5,0
"braggda01",9,0
"brancra01",-1.7,3
"branded01",4.1,0
"brandja01",13.1,2
"bransje01",-0.1,0
"branski01",10.2,0
"brantje01",-0.3,1
"brantmi02",34.1,5
"branyru01",11.2,0
"braunry02",47.1,6
"braunst01",17.4,0
"braxtga01",-0.8,0
"brazlal01",-1.3,0
"breamsi01",11.1,0
"brechha01",0.9,2
"breitte01",-1.3,0
"brenlbo01",12.7,1
"breslcr01",0,0
"bresnro01",42,0
"bressed01",17.1,1
"bressru01",19.2,0
"brettge01",88.6,13
"brettke01",3.7,1
"breweji01",0.2,1
"bridgro01",2.9,1
"bridgto01",-1.2,6
"bridwal01",19.1,0
"briggjo02",24,0
"brignre01",-1.2,0
"brilene01",0.5,0
"brinked01",13.2,1
"brittza01",0.4,2
"brocado01",0.2,0
"brockgr01",10,0
"brocklo01",45.3,6
"brodist01",19.4,0
"brognri01",-1.1,0
"brohaja01",5.6,0
"brookhu01",13,2
"brookto01",11.5,0
"brosisc01",15.7,1
"brosnji01",-0.3,0
"broutda01",79.8,0
"broweji01",0.3,0
"brownbu01",0.2,0
"browncl01",0.8,0
"brownem01",0.9,0
"brownga01",9.7,0
"brownge01",7.1,0
"brownha01",0.7,0
"brownje01",11.9,0
"brownju01",-0.1,0
"brownke01",-0.4,6
"brownla01",6.9,0
"brownle01",5.9,0
"brownll01",0.4,0
"brownma01",-1.6,1
"brownmo01",1.1,0
"brownol02",10.3,0
"brownpe01",40.6,0
"brownto01",16.5,0
"brownto02",-2.2,0
"brownto05",0.2,1
"broxtjo01",0.1,2
"brubabi01",3,0
"bruceja01",19.9,3
"brunato01",22,1
"brunege01",-2,0
"brusswa01",-0.1,0
"brutobi01",26.3,0
"buchhcl01",-0.2,2
"buckjo01",5.8,1
"bucknbi01",15.1,1
"buechst01",16.5,0
"buehrma01",-1,5
"buelofr01",-1.1,0
"buffich01",0,0
"buforda01",2.5,0
"bufordo01",36.1,1
"buhlbo01",-6.1,2
"buhneja01",23,1
"bumbral01",24.5,1
"bumgama01",4.9,4
"bunniji01",-0.9,9
"burbada01",0.2,0
"burdele01",3.1,3
"burdoja01",15,0
"burgesm01",33.4,9
"burgmto01",0.4,1
"burkebo01",-0.4,0
"burkeed01",8.2,0
"burkeje01",62.8,0
"burkejo03",-2.7,2
"burketi01",-0.3,1
"burksel01",49.8,2
"burleri01",22.9,4
"burneaj01",NA,NA
"burnese01",0,0
"burnije01",19.9,1
"burnsge01",39.7,0
"burnsge02",35.1,0
"burnsoy01",26.1,0
"burnsto01",22.4,0
"burrepa01",18.9,0
"burrira01",0.8,0
"burroje01",17.7,2
"busbyji01",12.7,1
"bushdo01",39.3,0
"bushgu01",-2.9,0
"bushjo01",5.7,0
"bushodo01",3.6,0
"bushra01",1.4,0
"butchma01",-0.6,0
"buterdr01",-4.1,0
"butersa01",-1.3,0
"butlebi03",11.9,1
"butlebr01",49.7,1
"buzhajo01",-0.6,0
"byerlbu01",-0.4,0
"byrdati01",0,0
"byrdma01",25.8,1
"byrdpa01",0.2,1
"byrnebo01",13.9,0
"byrneer01",10.5,0
"byrneto01",4.7,1
"cabelen01",11.3,0
"cabreas01",29.6,2
"cabreme01",20.6,1
"cabremi01",67.7,12
"cabreor01",21.3,0
"cadargr01",0,0
"cadorle01",0.5,0
"cahiltr01",-0.5,1
"cainlo01",38.4,2
"cainma01",-0.2,3
"cairomi01",7.6,0
"caldeiv01",12,1
"caldwmi01",-0.5,0
"caldwra02",5.4,0
"calhoko01",14.1,0
"callaal01",9.6,0
"callani01",9.2,0
"callijo01",38.4,4
"camacer01",0,0
"camermi01",46.7,1
"camildo01",43.3,2
"caminke01",33.4,3
"camniho01",-3.6,0
"campabe01",53.1,6
"camparo01",41.8,11
"campbbi02",0,1
"campbbr01",17.1,0
"campbda01",-0.9,0
"campsh01",0.1,0
"candaca01",4,0
"candejo01",2,1
"candito01",-1.2,0
"cangejo01",6,0
"cannich01",6.3,1
"canoro01",68.1,8
"cansejo01",42.5,6
"cantujo01",-0.1,0
"cantwbe01",1.1,0
"capuach01",-0.8,1
"carbobe01",18.6,0
"cardejo02",20.7,0
"cardele01",27.2,5
"cardwdo01",-0.2,0
"carewro01",81.2,18
"careyan01",9.7,0
"careyma01",55.3,0
"carlsha01",0.8,0
"carltst01",6.1,10
"carmado01",-2.3,0
"carmofa01",-0.7,1
"carpech01",-1.1,3
"carpehi01",4.6,0
"carpema01",29.2,3
"carraca01",0.1,0
"carrach01",21.3,4
"carragi01",-0.1,0
"carrahe01",-0.4,0
"carrema01",4.6,0
"carribi02",13.2,0
"carrocl01",8.6,0
"carrocl02",-0.7,2
"carroja01",17,0
"carroow01",0.6,0
"carseki01",-1.3,0
"cartega01",70.2,11
"cartejo01",19.5,5
"cartyri01",32.7,1
"carutbo01",14.8,0
"casalcu01",6.5,0
"casanpa01",1.3,1
"casanra01",-0.9,0
"casege01",18.1,4
"caseydo01",12.4,0
"caseyhu01",-0.1,0
"caseyse01",16.5,3
"cashda01",25.6,3
"cashnan01",0.8,0
"cashno01",52,5
"casiala01",0,0
"cassijo01",-1.2,0
"castege01",-0.9,0
"casteni01",12.2,1
"castial01",1.7,0
"castica01",-1.2,0
"castifr01",-1.9,0
"castilu01",29.1,3
"castito02",0,0
"castivi02",19.3,2
"castiwe01",12.3,0
"castrbi01",NA,NA
"castrja01",12.4,1
"castrju01",-5.4,0
"castrmi01",0,0
"castrra01",3,0
"castrst01",18.2,4
"catalfr01",14.5,0
"caterda01",10.5,0
"causewa01",8.5,0
"cavarph01",37,4
"cecilbr01",-0.1,1
"cedence01",52.9,4
"cedenro01",1.7,0
"cedenro02",-1.6,0
"cedenxa01",0,0
"cepedor01",50.1,11
"ceronri01",8,0
"cervbo01",11.2,1
"cervefr01",13.9,0
"cespeyo01",21.6,2
"ceyro01",53.8,6
"chacijh01",0.9,0
"chacosh01",-0.3,1
"chafian01",0,0
"chakabo01",0.6,0
"chalkda01",8.5,2
"chambch01",27.5,1
"chambel01",0.3,0
"chambjo03",0,0
"chancde01",-5.1,2
"chancfr01",46,0
"chandsp01",1.5,4
"chaneda01",-3.3,0
"chapmar01",0,7
"chapmbe01",42.2,4
"chapmsa01",17.2,1
"charlno01",-0.5,1
"chaseha01",22.9,0
"chatwty01",0.8,0
"chaveen01",5,0
"chaveer01",38.3,0
"chaveje01",-0.2,0
"chavera01",0,0
"chenbr01",-0.3,0
"chenela01",0.7,0
"chesbja01",0.2,0
"childcu01",44.4,0
"chipmbo01",-1.2,0
"chiriro01",12.7,0
"chitiha01",-0.6,0
"choatra01",0,0
"choosh01",34.6,1
"chrisja01",-0.1,0
"chrisla01",1.5,0
"chrisma01",-2.4,0
"cicoted01",1.1,0
"cimolgi01",1.3,1
"cirilje01",34.5,2
"cishest01",0,0
"cissebi01",2.7,0
"clancji01",-0.3,1
"clappjo01",19.1,0
"clarkbo02",5.4,0
"clarkbr02",4.7,0
"clarkda05",0.3,0
"clarkfr01",67.9,0
"clarkho01",15.6,0
"clarkja01",53.1,4
"clarkjo01",-1.8,0
"clarkma01",-1.9,0
"clarkni01",9.2,0
"clarkto01",10.5,0
"clarkto02",12.3,1
"clarkwa02",-0.1,0
"clarkwi02",56.5,6
"claytro01",19.5,1
"clearma01",NA,NA
"clemedo01",0.2,0
"clemeja01",26.8,0
"clemepa01",-0.2,0
"clemero01",94.8,15
"clemero02",0.6,11
"clenddo01",20,0
"clevere01",0.5,0
"cliftha01",42.1,1
"clinege01",4.6,0
"clinety01",5.8,0
"clingbi01",8.2,0
"clintji01",-0.1,0
"clintlo01",4,0
"clippty01",0.1,2
"clonito01",2.9,0
"coaklan01",-2.7,0
"coangi01",2.1,0
"coateji01",-0.2,2
"cobbal01",-0.1,0
"cobbty01",151.4,0
"cochrmi01",49.9,2
"coffmdi01",-2.7,0
"coghlch01",1.1,0
"cokeph01",-0.1,0
"colavro01",44.5,9
"colbena01",14.4,3
"colboji01",-0.4,1
"colbrgr01",6.9,0
"colege01",0.6,5
"colemjo01",3.3,0
"colemjo04",0.3,1
"colemjo05",-1.5,1
"colemvi01",12.5,2
"colesda01",-1.5,0
"collida02",15.8,0
"collied01",124.4,0
"colliji01",53.3,0
"collijo01",12,0
"collipa01",5.7,0
"colliri01",-2.5,0
"collish01",11.2,0
"colluja01",0.7,0
"colomal01",0,1
"colomje01",0,0
"colonba01",-1.9,4
"combsea01",44.7,0
"comisch01",7.7,0
"comorad01",4.8,0
"conceda01",40.1,9
"coneda01",0.7,5
"coninje01",19.5,2
"conlege01",1.3,4
"connasa01",0.5,0
"connoro01",84.3,0
"conrowi01",21.8,0
"consobi01",-0.1,0
"consusa01",-0.4,1
"contrjo01",-0.3,1
"cookaa01",-0.1,1
"cookde01",1.1,0
"cooledu01",15,0
"coombja01",3.6,0
"coonejo01",8.5,0
"coopece01",36,5
"coopemo01",0.7,4
"coopewa01",27.3,8
"coopewi01",4.7,0
"coraal01",7,0
"corajo01",7.9,1
"corbipa01",0.9,2
"corcola01",-2.1,0
"corcoto01",20.2,0
"cordefr01",-0.1,3
"cordewi01",6,1
"corkhpo01",5.1,0
"cormirh01",0.9,0
"corrapa01",0.2,0
"correke01",-0.7,1
"corsiji01",0,0
"cottich01",-0.3,0
"cottohe01",4.1,0
"cottsne01",0.1,0
"coughbi01",8.5,0
"counscr01",22.4,0
"courtcl01",7.1,0
"covelst01",-5.1,0
"covinwe01",9.1,0
"cowanbi01",1.1,0
"cowenal01",15.2,0
"coxbi02",10.1,0
"coxda01",-1.3,0
"craigro01",-3.3,0
"crainje01",0,1
"cramedo01",13.4,5
"crandde01",28.1,11
"cranddo01",8,0
"craneed01",0.9,0
"cranesa01",-4.7,0
"cravaga01",33,0
"crawfbr01",30.8,3
"crawfca02",39.1,4
"crawfsa01",75.3,0
"crawfst01",NA,NA
"crawfwi01",21.3,0
"credejo01",14.7,1
"creekdo01",0,0
"crigelo01",16.1,0
"crispco01",28.9,0
"critzhu01",16.5,0
"cromawa01",16.3,0
"cronijo01",64.7,7
"crosefr01",24.5,2
"crossla01",46.5,0
"crossmo01",16.7,0
"crowdal01",-1.1,1
"crowlte01",2.4,0
"cruiswa01",8.5,0
"cruzde01",7.4,0
"cruzhe01",-3.6,0
"cruzja01",0.4,0
"cruzjo01",54.4,2
"cruzjo02",19.6,0
"cruzju01",16.9,0
"cruzju02",-0.3,0
"cruzne02",42.5,7
"cuccito01",33.9,3
"cuddymi01",17.8,2
"cuellmi01",-2.3,4
"cuetojo01",-2.1,2
"culbech01",-0.4,0
"cullero01",32.5,2
"culpra01",-2.2,2
"culvege01",-0.6,0
"cummimi01",0.9,0
"cunnibe01",0,0
"cunnijo01",22.3,2
"cuppyni01",0.2,0
"curtich01",14,0
"curtijo01",0.8,0
"custja01",9.4,0
"cuthbne01",1.4,0
"cutshge01",16.2,0
"cuyleki01",47.9,1
"daalom01",1.2,0
"dacqujo01",NA,NA
"dahlebi01",75.2,0
"dahlgba01",2.7,1
"dailyco01",4.1,0
"dailyed01",-2.3,0
"dalcabr01",-0.5,0
"daleybu01",0.7,4
"dalryab01",18.5,0
"dalrycl01",16.7,0
"dalyto01",26.6,0
"damonjo01",56.3,2
"danfoda01",-0.7,0
"danksjo01",-0.2,0
"danniha01",14.6,4
"darenvi01",-0.1,0
"darkal01",43.9,3
"darliro01",0.7,1
"darnatr01",7.2,1
"darviyu01",-0.4,5
"darwibo01",4.5,0
"darwida01",-0.5,0
"daubeja01",39.3,0
"dauerri01",14.4,0
"daultda01",22.9,3
"daussho01",4,0
"davalvi01",15.7,1
"davenji01",18.2,2
"davisch01",38.2,3
"davisch02",11.6,1
"daviscu01",1.2,2
"davisdi01",-0.9,0
"davisdo02",-3.1,0
"daviser01",36.1,2
"davisge01",84.9,0
"davisgl01",19.7,2
"davisha01",38.3,0
"davisjo02",15.8,2
"daviskh01",10.8,0
"daviski01",4.5,0
"davisma01",0.6,2
"davismi02",14.5,0
"davisra01",11.8,0
"davisro02",-0.1,1
"davissp01",22.4,0
"davisst02",-0.2,0
"davisto02",20.5,3
"daviswa01",0,3
"daviswi02",60.7,2
"dawsoan01",64.8,8
"dayleke01",0.4,0
"dealch01",6.8,0
"deandi01",2.2,4
"deazaal01",7.2,0
"deberha01",1.1,0
"decindo01",41.7,1
"deckege01",-1.8,0
"deerro01",13.8,0
"dejeami01",-0.2,0
"dejesda01",23.4,0
"dejesiv01",11.1,0
"delahed01",69.6,0
"delahji01",19.1,0
"delarjo01",NA,NA
"deleojo01",-2.5,0
"delgaca01",44.4,2
"delgawi01",0.7,0
"delgrbo01",3.7,0
"delluda01",2.5,0
"delocik01",-2.9,0
"delosva01",-0.1,0
"delsiji01",1.4,0
"delucri01",0.2,0
"demaejo01",-3.6,1
"demarfr02",17.1,2
"demetdo01",12.8,0
"demonge01",14.9,0
"dempsri01",25.1,0
"dempsry01",-3.7,2
"dennyje01",20.9,0
"dennyjo01",1.1,0
"denorch01",10.8,0
"dentbu01",17.5,3
"dernibo01",6.4,0
"derosma01",10.6,0
"derripa01",-2.9,6
"desauge01",-0.3,0
"descada01",0.4,0
"deshaji01",-1.7,0
"deshide01",24.4,0
"desmoia01",16.2,2
"desseel01",0.5,0
"detwiro01",-1,0
"devermi01",14.6,0
"devliar01",36.1,0
"devorjo01",3,0
"diazbo01",11.5,2
"diazei01",3.3,0
"diazma02",3.8,0
"dickebi01",56.4,11
"dickebu01",7.1,0
"dickeco01",13.7,1
"dickera01",NA,NA
"dicksmu01",3.1,1
"diekmja01",0,0
"dierkla01",-2.4,2
"dietrbi01",-1.3,0
"difelmi01",0.5,0
"dilonmi01",2.5,0
"dimagdo01",33.6,7
"dimagjo01",79.2,13
"dimagvi01",17.8,2
"dinnebi01",-0.7,0
"dipinfr01",-0.2,0
"disarga01",11.2,1
"ditmaar01",-0.5,0
"doakbi01",-5.8,0
"dobbsgr01",-3.5,0
"dobsojo01",-1.4,1
"dobsopa01",-1.4,1
"dobyla01",56.5,9
"doerrbo01",51.5,9
"dohened01",-0.6,0
"dolanco01",3.2,0
"donahji02",13.7,0
"donahre01",-7.2,0
"donaljo02",46.7,3
"donlimi01",29,0
"donneji01",1.8,0
"donohpe01",2.3,0
"donovbi01",0.2,0
"donovdi01",2.4,5
"donovpa01",18.4,0
"dooinre01",5.2,0
"doolami01",13.7,0
"doolise01",-0.1,2
"doranbi02",32.8,0
"dorgami01",8.5,0
"dorisha01",-0.7,0
"doteloc01",-0.6,0
"dotsori01",0,1
"doughpa01",17.8,0
"douglph01",-2.2,0
"doumiry01",8.9,0
"douthta01",12.7,0
"dowdto01",-1.7,0
"downial01",-1.5,1
"downibr01",51.5,1
"downssc01",-0.4,0
"doyleja01",25.9,0
"doylela01",45.1,0
"doziebr01",23.8,1
"drabedo01",1.6,1
"drabomo01",-0.2,0
"dragodi01",-1.4,0
"drakeol01",0.1,0
"drewjd01",NA,NA
"drewska01",-1.7,0
"drewst01",15.9,0
"driesda01",20.5,0
"dropowa01",3.3,1
"drurybr01",2.1,0
"drysddo01",5.8,9
"duceyro01",3.2,0
"dudalu01",7.5,0
"duensbr01",-0.2,0
"duffyda01",0,0
"duffyfr01",10.4,0
"duffyhu01",43.1,0
"duganjo01",9.9,0
"dugglbi01",-1.3,0
"dukeza01",1.5,1
"duncada01",6.5,1
"duncama01",5.7,1
"dunlafr01",37.1,0
"dunnad01",17.9,2
"dunnja01",-0.9,0
"dunnmi01",0.1,0
"dunstsh01",11.5,2
"durbich01",-0.2,0
"durenry01",-0.8,4
"durhale01",16.3,2
"durhara01",33.8,2
"durocle01",4.3,3
"dusaker01",1.8,0
"duvalad01",10.4,1
"dwyerfr01",-1,0
"dwyerji01",6,0
"dyeje01",20.3,2
"dyerdu01",3.7,0
"dykesji01",34.7,2
"dykstle01",42.4,3
"dysonja01",15.3,0
"dysonsa01",0,0
"earnsge01",1.2,0
"easleda01",20.5,1
"easlemi01",13.3,1
"easteja01",0,0
"eastwra01",-0.5,0
"eatonad01",2.3,0
"eatonad02",18.4,0
"eckerde01",-0.2,6
"eckstda01",20.9,2
"edmonji01",60.4,4
"edwarbr01",4.6,2
"edwarca01",-0.1,0
"edwarha01",10.9,0
"edwarjo01",14.7,3
"egandi01",6.6,0
"eganto01",-2.9,0
"eggleda01",5.1,0
"ehmkeho01",-0.7,0
"ehretre01",-3,0
"eichhma01",-0.1,0
"eilanda01",-0.1,0
"eischjo01",0.3,0
"eisenji01",13.2,0
"elartsc01",-0.4,0
"elberki01",33.3,0
"eldreca01",-0.4,0
"elliobo01",51,7
"ellioju01",-1.4,0
"ellisaj01",9.4,0
"ellisdo01",-0.7,1
"ellisjo01",3,0
"ellisma01",33.5,0
"ellsbja01",31.2,1
"ellswdi01",-3.2,1
"elsteke01",6.2,0
"elstodo01",-0.6,2
"elybo01",8.9,0
"embreal01",0,0
"encared01",35.5,3
"encarju01",8.6,0
"englecl01",8.8,0
"engliwo01",27,1
"ennisde01",30.1,3
"eovalna01",-0.5,1
"epstemi01",12.7,0
"erickpa01",-0.6,0
"ericksc01",0,0
"erskica01",-2.6,1
"erstada01",32.3,2
"escobal02",10.1,1
"escobed01",13,1
"escobke01",-0.2,0
"escobyu01",26.8,0
"esperdu01",0.4,0
"espinal01",3.9,0
"espinda01",8.5,0
"espossa01",2,0
"essiaji01",10.9,0
"estalbo02",2.5,0
"esterdu01",8.7,0
"estessh01",1.2,1
"estrama01",0.3,1
"etchean01",10.8,2
"ethiean01",21.5,2
"evansal01",3.5,0
"evansda01",58.8,2
"evansdw01",67.2,3
"evansjo01",3.3,0
"evelada01",-0.1,0
"everead01",12.6,0
"evereca01",20.4,2
"eversho01",12.9,2
"eversjo01",47.7,0
"ewingbo01",0.3,0
"ewingbu01",48,0
"eyresc01",0,0
"faberre01",-3.7,0
"fabrejo01",-2.2,0
"facero01",-0.5,6
"faheybi01",2.1,0
"fainfe01",27.2,5
"fairlro01",35.1,2
"falcope01",-1.4,0
"falkbi01",22.8,0
"falkecy01",-2.4,0
"familje01",0.1,1
"farmeed01",-0.5,1
"farnsky01",-0.1,0
"farredo01",-1.3,0
"farredu01",31.1,0
"farreja02",18.7,0
"farretu01",-0.6,5
"farrst01",0,0
"fasansa01",1.7,0
"fasseje01",-1.4,0
"feldemi01",3.1,0
"feldmsc01",-0.3,0
"felizmi01",0,0
"felizne01",0,1
"felizpe01",5.6,0
"fellebo01",-1.7,8
"fergual01",-4.5,0
"fergubo01",15.8,0
"fergujo01",21,0
"fermife01",1.8,0
"fernaal01",0.8,0
"fernasi01",1.3,2
"fernato01",45.3,5
"ferreri01",30.8,8
"ferrewe01",11.3,2
"ferrito01",0.3,0
"fettemi01",0,0
"fewstch01",-2.4,0
"fickro01",2.2,1
"fieldce01",17.2,3
"fieldpr01",23.8,6
"fienca01",0,0
"fiersmi01",-0.8,0
"figgich01",22,1
"figuene01",0.4,0
"fingero01",0.6,7
"finlech01",-0.4,5
"finlest01",44.2,2
"finnelo01",3.8,1
"fischbi01",-0.1,0
"fischca01",-1.8,0
"fischmi01",-1.4,0
"fisheed02",-0.6,1
"fisheja01",-0.9,0
"fishera01",-0.7,0
"fiskca01",68.5,11
"fistedo01",0.1,0
"fitzged01",1.4,0
"fitzgmi02",2.1,0
"fitzmal01",0.8,0
"fitzsfr01",2.2,0
"flackma01",11.8,0
"flagsir01",18.5,0
"flahejo01",1.6,0
"flahepa02",0.7,0
"flanami01",0,1
"flannti01",9.1,0
"fletcar01",47.1,0
"fletcda01",7.6,1
"fletcel01",33.3,1
"fletcsc01",32,0
"flickel01",52.7,0
"flintsi01",7.8,0
"floodcu01",41.9,3
"florera01",-0.1,0
"florewi01",7,0
"floribr01",0,0
"floweja01",2.3,0
"flowety01",8.1,0
"floydcl01",25.9,1
"floydga01",-0.7,0
"flynndo01",-6.9,0
"foileha01",4.8,1
"foleyto02",5.6,0
"foliti01",5.7,0
"fonsele01",14.1,0
"fontwi01",0.1,0
"footeba01",3.3,0
"forceda01",17.6,0
"fordda01",11.9,0
"fordho01",10.5,0
"fordwh01",3.5,10
"fordybr01",1.7,0
"foremfr01",1.5,0
"fornimi01",-0.8,1
"forscbo01",5.7,0
"forscke01",-1,2
"forstte01",1.8,0
"forsylo01",12.1,0
"fossato01",0,0
"fossera01",12.8,2
"fosteal01",-1.1,0
"fosteed02",24.1,0
"fostege01",44.1,5
"fothebo01",14,0
"foulkke01",-0.1,1
"fournja01",41.4,0
"foutzda01",12.8,0
"fowlede01",19.4,1
"fowledi01",-0.4,0
"foxan01",-0.5,0
"foxch02",-0.1,0
"foxne01",49.5,15
"foxpe01",16.1,1
"foxxji01",92.3,9
"foytapa01",-0.2,0
"francbe01",2.5,0
"francfr01",0,0
"francje01",-0.5,0
"francje02",6.8,0
"francjo01",-0.1,4
"francju01",43.6,3
"francte01",-3.1,0
"francti01",14,1
"frankfr02",1.8,1
"frankry01",-0.1,1
"frasech01",-2.8,0
"frasoja01",0,0
"frazige01",-0.2,0
"frazito01",25.2,2
"freehbi01",44.8,11
"freelry01",8.8,0
"freembu01",24.1,0
"freemfr01",49,6
"freemma02",-0.5,0
"freesda01",18.7,1
"freesge02",8.6,0
"fregoji01",48.7,6
"frencla01",0.4,1
"freylo01",44.5,3
"freyst01",0,0
"friaspe01",-4.8,0
"fribebe01",4.5,0
"frienbo01",-5.9,4
"frierer01",0,0
"friscfr01",71.8,3
"friseda01",0.3,0
"frommar01",-1.2,0
"frymatr01",34.4,5
"frymawo01",-1.2,2
"fuentbr01",0,4
"fuentti01",11.7,0
"fuldsa01",5.1,0
"fulmech01",8.8,0
"furcara01",NA,NA
"furilca01",34.6,2
"gabrile02",1.7,0
"gaettga01",42.1,2
"gagliph01",2.3,0
"gagneer01",0,3
"gagnegr01",26.3,0
"gainede01",7.9,0
"galanau01",45.4,3
"galaran01",31.7,5
"galehde01",-4.1,0
"gallada01",4.9,0
"gallayo01",3.1,1
"gallemi01",17,0
"gallibe01",-0.9,0
"galloch01",-2.5,0
"gallojo01",14.7,2
"galvifr01",9.5,0
"galvipu01",-9.8,0
"gamblos01",22.9,0
"gantnji01",22.4,0
"gantro01",34.1,2
"ganzech01",8,0
"garagjo01",8.1,0
"garbege01",0.2,0
"garceri01",-0.1,0
"garciav01",9.8,1
"garcica01",1,1
"garcida01",7.2,2
"garcifr02",NA,NA
"garcija01",0.1,0
"garcija02",0.5,0
"garcika01",-3.2,0
"garciki01",4.9,0
"garcile02",4.2,0
"garcilu03",0,0
"garcimi01",-0.3,3
"garcino01",44.3,6
"gardnbi02",3.1,0
"gardnbr01",44.3,1
"gardngi01",1.4,0
"gardnla01",48.3,0
"gardnma01",-1.4,0
"gardnro01",-0.3,0
"garlajo01",0.1,1
"garmami01",-0.3,0
"garmsde01",11.5,0
"garnedu01",1.6,0
"garneph01",29.7,3
"garresc01",-0.2,1
"garrewa01",16.8,0
"garrra01",14.8,1
"garvene01",4.3,1
"garvest01",38,10
"garzama01",-1.8,0
"gastoci01",-0.8,1
"gastomi01",-0.1,0
"gaudich01",-0.5,0
"gausmke01",-0.2,1
"gearrco01",0,0
"gedmari01",9.6,2
"gehrich01",84.8,6
"gehrilo01",113.6,7
"geigega01",8.7,0
"gelbech01",9.4,0
"genewjo01",-0.3,0
"gentiji01",17,6
"gentrcr01",9.7,0
"gerbewa01",4.5,0
"gerhajo01",7,0
"germaes01",1.6,0
"germaju01",0.3,0
"gernedi01",6.6,0
"geronce01",13,0
"gessldo01",16.6,0
"getzich01",-0.9,0
"gharrpa01",8,0
"giambja01",50.5,5
"gibbojo01",-0.3,0
"gibbsja01",6.7,0
"gibsobo01",7.5,9
"gibsoge01",14.8,0
"gibsoki01",38.4,0
"gibsoky01",0.3,1
"gilesbr02",51.1,2
"gilkebe01",21.6,0
"gilliba01",7.2,0
"gilliji01",45.1,4
"gimench01",0.7,0
"ginsbjo01",0,0
"girarjo01",5.6,1
"giustda01",2.7,1
"givenmy01",0,0
"gladdda01",15.5,0
"gladdfr01",-1,0
"glanvdo01",10.9,0
"glassja01",62,0
"glaustr01",38.1,4
"glavito02",6.8,10
"gleaski01",8.8,0
"gleatje01",0,0
"gloadro01",-0.3,0
"glovega01",-0.2,0
"glynned01",-0.2,0
"goldspa01",58.5,7
"goltzda01",-0.4,0
"gomesjo01",3.5,0
"gomesya01",17.6,1
"gomezca01",24.4,2
"gomezch02",-1.4,0
"gomezje01",0,0
"gomezle01",-4.5,7
"gomezru01",-0.2,0
"gondeje01",1.9,0
"gonzaad01",43.5,5
"gonzaal01",11.2,0
"gonzaal02",9.4,1
"gonzaca01",24.4,3
"gonzaed01",0,0
"gonzagi01",-1.5,2
"gonzajo02",0,0
"gonzaju03",38.7,3
"gonzalu01",51.6,5
"gonzama01",14.1,0
"gonzami01",9.4,0
"gonzami02",0.1,0
"gonzare01",4.2,0
"gonzato01",27,0
"goochjo01",4.4,0
"goodedw01",4.8,4
"goodmbi01",27.2,2
"goodmiv01",25,2
"goodwi01",3.6,0
"goodwto01",8.5,0
"gordoal01",34.5,3
"gordode01",12.7,2
"gordojo01",55.8,9
"gordosi01",38.3,2
"gordoto01",-0.1,3
"gorege01",39.9,0
"gorzeto01",-1.2,0
"gosgeji01",2.2,0
"gosligo01",66.4,1
"gossari01",-0.5,9
"gosseph01",-0.3,0
"gotayju01",0.7,0
"gottji01",0.7,0
"gowdyha01",23.8,0
"grabojo02",-0.1,0
"gracema01",46.4,3
"gradymi01",17.7,0
"graffto01",15.1,0
"grammal01",7.3,0
"grandcu01",47.2,3
"grandya01",20.3,2
"graneja01",14.3,0
"grangwa01",-0.1,0
"granted01",4.5,0
"grantge01",33.4,0
"grantma01",-0.1,0
"grantmu01",1.8,2
"graveda01",-0.4,2
"graydo02",-0.1,0
"grayso01",-0.2,2
"grayte01",-1,1
"grebecr01",10.2,0
"greendi01",16.1,0
"greenha01",55.5,5
"greenle01",8.2,0
"greenmi01",25.8,2
"greenni01",-0.3,0
"greensh01",34.7,2
"greensh02",-0.1,1
"greento02",-2.9,0
"greenwi01",3.1,0
"gregelu01",0,0
"greggke01",-0.1,0
"greggto01",-1.3,0
"gregodi01",17.8,0
"greinza01",5.1,6
"grichbo01",71.1,6
"grievbe01",8.4,1
"griffal01",3,1
"griffcl01",3.9,0
"griffke01",34.5,3
"griffke02",83.8,13
"griffmi01",40.8,0
"griffto01",7.5,0
"griffto02",1.3,0
"grillja01",0.1,1
"grimbo01",-0.4,1
"grimebu01",6.1,0
"grimeos01",6.3,1
"grimjo01",9.6,0
"grimmch01",12.4,0
"grimmju01",-0.1,0
"grimsja01",-0.1,0
"grimsro02",-1.3,1
"grissle01",-1,1
"grissma01",-0.9,1
"grissma02",29.6,2
"groatdi01",36.9,8
"grohhe01",48.4,0
"gromest01",2.5,1
"groombo01",-4.1,0
"groombu01",0,0
"grossgr01",12.5,0
"grosske01",1.9,1
"grossro01",10.3,0
"grosswa01",15,1
"groteje01",15.1,2
"grothjo01",5.8,0
"grovele01",-6.5,6
"groveor01",-0.8,1
"grubbjo01",16.6,1
"grubeke01",16.4,2
"grudzma01",26.5,1
"guantce01",-0.4,0
"guarded01",0,2
"gubicma01",NA,NA
"guerrja01",0,0
"guerrma02",0,0
"guerrmi01",-3.2,0
"guerrpe01",34.5,5
"guerrvl01",59.5,9
"guerrwi01",-1.8,0
"guettle01",0.1,0
"guidrro01",0,4
"guillca01",27.7,3
"guilljo01",6.4,0
"guilloz01",21,3
"gullibi01",-0.3,0
"gumbead01",4.5,0
"gumbeha01",-0.2,0
"gumpera01",-0.8,1
"gundeer01",0,0
"gurala01",-0.1,1
"gustifr01",8.6,3
"guthrje01",-0.3,0
"guthrma01",-0.1,0
"gutiefr01",18.2,0
"gutieri01",-1.4,0
"guttedo01",1.5,0
"guzmacr01",12.6,2
"guzmaju01",-0.2,1
"gwynnch01",-1.4,0
"gwynnto01",69.2,15
"haasbe01",5.4,1
"haasmo01",0,0
"haasmu01",12.5,0
"habyajo01",0,0
"hackewa02",-0.4,0
"hackst01",55.5,5
"haddiha01",3.4,3
"hadlebu01",-0.2,0
"haefnmi01",1.7,0
"hafeych01",31.2,1
"hafnetr01",24.8,0
"haineje01",-3.1,0
"hairsje01",6.2,0
"hairsje02",13.2,0
"hairssc01",6.5,0
"halamjo01",0,0
"haleda02",-0.4,0
"haleod01",14.8,0
"halesa01",13,0
"hallabi01",-1.7,1
"hallaro01",-1.1,8
"hallbi03",9.6,0
"halldi01",-0.9,0
"halleto01",29.3,3
"hallji02",13.8,2
"hallmbi01",7.2,0
"hallme01",8.7,0
"hallto01",-0.3,0
"hallto02",4.7,0
"hamelco01",1,4
"hamilbi01",63.2,0
"hamilbi02",10,0
"hamilda01",0.1,0
"hamilda02",16.7,0
"hamilea01",-0.9,0
"hamilja01",-0.8,0
"hamiljo02",-1,0
"hamilst01",-0.1,0
"hammaat01",-1.2,1
"hammeja01",-0.5,0
"hammoch01",2.5,0
"hammoje01",8.6,1
"hamnegr01",19.3,3
"hamptmi01",7.5,2
"handbr01",-0.6,3
"handlle01",6.4,0
"handsbi01",-2.6,0
"haneych01",-0.2,0
"haneyla01",0.1,0
"hanigry01",9.2,0
"hankifr01",5.4,0
"hanlone01",18.1,0
"hannaji01",-1.2,0
"hanseda01",3.7,0
"hansero02",24.1,2
"hansoer01",-0.2,1
"happja01",-0.4,1
"haranaa01",-3.8,0
"hardeme01",-4.2,4
"harderi01",-0.2,0
"hardyjj01",28.1,2
"harenda01",2.2,3
"hargast01",-1.1,1
"hargrbu01",16.6,0
"hargrmi01",30.4,1
"hargrpi01",7.1,0
"harmote01",1.9,0
"harnipe01",-1.1,1
"harpebr01",12.3,0
"harpebr03",42.5,7
"harpege02",18.6,0
"harpeha01",-2.1,0
"harpeto01",25.8,1
"harrato01",51.5,4
"harrebu01",20.3,2
"harreke01",6.6,1
"harribr01",-0.4,0
"harribu01",16,0
"harrige01",0,0
"harrigr01",0.7,0
"harrijo03",26.4,0
"harrijo05",17.7,2
"harrile01",1.7,0
"harrimi01",1.8,1
"harrisl01",-4.9,0
"harriwi01",NA,NA
"harriwi02",3.3,0
"harshja01",3.6,0
"hartco01",14.4,2
"hartji01",24.9,1
"hartlgr01",1.6,0
"hartnga01",55.9,6
"hartsto01",31.2,0
"hartzro01",13.4,0
"harvema01",-0.7,1
"haselbi01",3.4,0
"hassero01",14.7,0
"hasslan01",-0.4,0
"hatchbi01",3.9,0
"hatchch02",0,0
"hatchmi01",2.9,0
"hatfifr01",4.7,0
"hatfigi01",-0.2,0
"hattesc01",10,0
"hattogr01",18.6,1
"havenbr01",0,0
"hawkian01",-1.6,0
"hawkila01",-0.1,0
"hawlepi01",1.1,0
"hawpebr01",4.5,1
"hayesch01",10.5,0
"hayesfr01",10.6,6
"hayesja02",6.8,0
"hayesvo01",29.9,1
"hayneji01",0.1,0
"haynejo01",1.4,1
"haywora01",1.9,0
"headlch01",25.9,0
"healyfr02",6.5,0
"healyjo01",-2,0
"heanean01",0,0
"hearnji01",-1.3,1
"heathcl01",11,0
"heathje01",37.8,2
"heathmi02",13.4,0
"heatone01",0.2,1
"hebneri01",32.9,0
"hechaad01",5.1,0
"heepda01",0.4,0
"heffndo01",-3.8,0
"heganji01",4.7,5
"heganmi01",8.3,1
"heideja01",-6.2,0
"heilmha01",72.5,0
"heimafr01",1.4,0
"heintke01",-2.4,0
"heisebo01",1.7,0
"heldwo01",22,0
"hellije01",0.2,0
"helliri01",-0.7,0
"helmsto01",8.6,2
"helmswe01",-1.7,0
"heltoto01",61.8,5
"hembrhe01",0,0
"hemmige01",-0.7,0
"hemphch01",16.2,0
"hemslro01",3.8,5
"hemusso01",25.9,0
"hendeda01",27.6,1
"hendeke01",14.8,0
"henderi01",111.1,10
"hendest01",11.5,0
"hendrcl01",6,0
"hendrel01",7.4,0
"hendrge01",29.1,4
"hendrha01",12.4,0
"hendrli01",0.1,3
"hendrma01",0.1,0
"henketo01",0,2
"henlibu01",8,0
"hennemi01",0,1
"henrito01",39.6,5
"henrybi01",0.2,2
"henrydo01",-0.1,0
"henrydw01",0,0
"hentgpa01",-0.4,3
"herbera01",2.6,1
"herbero01",-2.5,0
"heredfe01",0.1,0
"heredgi01",0.5,0
"hergema01",-0.1,0
"hermaba01",39.4,0
"hermabi01",57.3,10
"hermadu01",-1.5,0
"hermage01",11,0
"hermije01",2.7,0
"hernaca01",0,0
"hernace02",13.2,0
"hernada01",0,0
"hernaen02",16.7,0
"hernafe02",-0.2,6
"hernajo01",13.3,1
"hernake01",60.3,5
"hernali01",5.2,2
"hernaor01",0,0
"hernara01",0,0
"hernara02",22,1
"hernaro01",0,2
"hernawi01",0.1,3
"hernaxa01",-0.4,0
"herndla01",15.2,0
"herreke01",0,2
"herriar01",-0.3,0
"herrmed01",5.9,1
"herrto01",23.6,1
"hershmi01",2.3,0
"hershor01",4.7,3
"herzobu01",27.4,0
"heskejo01",-0.5,0
"hessot01",-0.1,0
"hevinjo02",-0.4,0
"heywaja01",38.7,1
"hiattja01",8.5,0
"hickmch01",22.9,0
"hickmji02",13,1
"hicksaa01",13.8,0
"hidalri01",19.2,0
"higbeki01",-1.8,2
"higgibo02",23.1,0
"higgipi01",26,3
"highan01",12.5,0
"hildeor01",-1.6,1
"hillaa01",24.4,1
"hillca01",-0.3,0
"hillech01",2.7,0
"hillejo01",-0.6,1
"hillesh02",6.3,2
"hillgl01",9.7,0
"hillke01",0.7,1
"hillko01",-2.6,0
"hillma01",2.3,0
"hillri01",-1,0
"hinchbi01",13.7,0
"hinespa01",44.9,0
"hinsker01",7.8,0
"hintoch01",13.6,1
"hislela01",25,2
"hitchbi01",-5.4,0
"hitchst01",-1.3,0
"hoagmy01",-4.4,1
"hoakdo01",21.3,1
"hoblidi01",19.6,0
"hockide01",-0.6,0
"hodapjo01",12.1,0
"hodgegi01",43.9,8
"hodgero01",6.1,0
"hoeftbi01",3.5,1
"hoernjo01",-0.2,1
"hoffmda01",9.2,0
"hoffmgl01",0.3,0
"hoffmtr01",-0.2,7
"hofmaso01",17,0
"hogansh01",14.4,0
"hogsech01",0.9,0
"hoilech01",23.5,0
"holadbr01",0.1,0
"holbebi01",1.8,0
"holkewa01",0.1,0
"hollaal01",-0.2,1
"hollade01",-0.4,0
"hollagr01",0,3
"hollato01",6.5,0
"hollial01",0.9,0
"hollibu01",18.4,0
"hollida01",17.8,1
"hollima01",44.5,7
"holloke01",-2.1,0
"holmeda01",-0.1,0
"holmedu01",9.7,0
"holmeto01",35.5,2
"holtbr01",8.2,1
"holtji01",-0.5,0
"holtzke01",0.3,2
"honeyri01",0.4,2
"hooddo01",-0.1,0
"hoopeha01",53.5,0
"hootobu01",-0.9,1
"hoppjo01",26.3,1
"horlejo01",-2.3,1
"hornebo01",21.8,1
"hornsro01",127.3,0
"hornujo01",7.9,0
"hortowi01",26.5,4
"hosleti01",1.3,0
"hosmeer01",19.1,1
"houcksa01",8.7,0
"houghch01",-0.6,1
"housefr03",2,0
"houstty01",1.4,0
"houttar01",0.2,1
"howarel01",27,12
"howarfr01",37.6,4
"howarry01",14.7,3
"howarth01",2.4,0
"howear01",13.8,0
"howelha01",1.2,0
"howelja01",-0.1,3
"howelja02",9.7,0
"howeljp01",0,0
"howelro02",11,1
"howest01",-0.1,1
"howrybo01",0,0
"hoydu01",32.5,0
"hoytwa01",-1.8,0
"hraboal01",0.2,0
"hrbekke01",38.6,1
"hubbagl01",19.2,1
"hubbatr01",0.1,0
"hubbeca01",-0.4,9
"hudlere01",6.3,0
"hudliwi01",0,0
"hudsoda01",0.8,0
"hudsoor01",30.9,2
"hudsosi01",1.8,2
"hudsoti01",1.3,4
"huffau01",20.5,0
"huffda01",-0.1,0
"huggimi01",35.4,0
"hugheja02",-0.1,0
"hugheph01",-0.3,1
"hughero01",4.5,0
"hugheto01",1.6,0
"huismma01",0,0
"huletti01",6.7,0
"humeto01",-0.8,1
"hummejo01",11.7,0
"humphbo01",0.4,0
"hundlni01",7.4,0
"hundlra01",11.6,1
"hundlto01",10.9,2
"huntebr01",0.2,0
"huntebr02",7.4,0
"hunteca01",4.6,8
"hunteto01",50.7,5
"hunteto02",0,0
"huntro01",32.8,2
"hurdlcl01",2.8,0
"hurstbr01",-0.4,1
"husonje01",2.2,0
"hutchfr01",5.3,1
"huttoto01",-0.5,0
"iannech01",15,0
"ibanera01",20.9,1
"iglesjo01",11.7,1
"incavpe01",10.3,0
"infanom01",16.9,1
"ingebr01",19.2,1
"iorgda01",0.4,0
"irwinar01",15.2,0
"irwinch01",9.1,0
"isbelfr01",14.7,0
"ishiktr01",1.1,0
"isrinja01",0.7,2
"iviemi01",7.3,0
"izturce01",6.1,1
"izturma01",11.3,0
"jacklfr01",6.8,0
"jacksal01",-0.1,0
"jacksau01",22.1,0
"jacksda02",-0.8,2
"jacksda03",11.3,0
"jacksda04",6.6,0
"jacksed01",0.7,1
"jacksgr01",-0.1,1
"jacksjo01",62.2,0
"jacksla01",-0.6,5
"jacksmi02",0,0
"jacksra01",12.4,2
"jacksre01",74,14
"jacksro02",7.2,0
"jacksro03",0,0
"jacksso01",1.6,0
"jackstr01",44,1
"jacobba01",28.9,0
"jacobbr01",14.9,2
"jacobel01",-1.1,0
"jahajo01",12.4,1
"jamesbi01",-1.2,0
"jamesbo01",0,0
"jamesch02",5,0
"jamesdi01",6.2,0
"jamiech01",23.8,0
"janseke01",0.2,3
"janvrha01",-1.2,0
"jarvike01",0.5,0
"javieju01",13.8,2
"javiest01",25.4,0
"jayjo01",-1.6,2
"jayjo02",12.7,0
"jeffcha01",1.7,0
"jeffcmi01",0.1,0
"jeffegr01",19.4,2
"jeffeje01",0,0
"jeffere01",4.5,0
"jeffrje01",0,1
"jenkife01",2,3
"jenkige01",21.9,1
"jennihu01",42.3,0
"jenseja01",27.9,3
"jepseke01",0,0
"jeterde01",71.3,14
"jimenda01",NA,NA
"jimenub01",-0.6,1
"johnsal01",10,1
"johnsbi03",14.3,1
"johnsbo01",55.6,8
"johnsbo02",8.2,0
"johnsch04",22.6,2
"johnsch05",0.6,0
"johnscl01",16.2,0
"johnsda02",27.4,4
"johnsda06",3.3,0
"johnsde01",6.3,0
"johnsdo01",3.1,0
"johnser01",8.1,0
"johnsha01",1,0
"johnsho01",22.2,2
"johnsja01",16.7,0
"johnsja02",-0.2,0
"johnsje01",-0.3,0
"johnsji01",16.9,0
"johnsji04",0,1
"johnsjo07",-0.1,0
"johnske02",-2.4,0
"johnske05",16.6,0
"johnsla03",30.2,1
"johnsni01",14.5,0
"johnsra05",-2.5,10
"johnsre02",10.6,0
"johnsro02",17.3,0
"johnssi01",-4.2,0
"johnssy01",-1.9,0
"johnswa01",12.7,0
"johnswa03",0.3,0
"johnto01",-0.5,4
"jonesad01",32.6,5
"jonesan01",62.7,5
"jonesba01",-0.1,0
"jonesbo03",-0.6,1
"jonesch01",26.4,0
"jonesch05",0.4,0
"jonesch06",85.3,8
"jonescl01",18.1,1
"jonesda01",16.6,0
"jonesda03",-3.7,0
"jonesdo01",0,5
"jonesfi01",43.3,0
"jonesgo01",-0.6,0
"jonesja04",-0.2,0
"jonesma01",20.7,0
"jonesna01",0,0
"jonesra01",-1.1,2
"jonesru01",22.6,2
"jonessa01",3,0
"jonessa02",-2,2
"jonesto02",0.1,1
"joneswi01",24.8,2
"joosted01",31.5,2
"jordabr01",32.9,1
"jordabu01",11.6,0
"jorgear01",-0.6,0
"jorgemi01",9,0
"josefe01",6.4,1
"joshuvo01",-2,0
"joycema01",14.7,1
"joynewa01",35.8,1
"judenje01",-0.6,0
"judgejo01",47.9,0
"juliojo01",0.1,0
"jurgebi01",28.8,3
"justida01",40.6,3
"kaatji01",5.3,3
"kahoemi01",-1,0
"kalinal01",92.9,18
"kamiesc01",0,0
"kammwi01",35.5,0
"kampoal01",6.9,0
"kaplega01",8.7,0
"karkoro01",14.6,0
"karroer01",10.4,0
"karsast01",0.1,0
"kaskoed01",11.1,2
"kaufmto01",1,0
"kazmisc01",-0.4,3
"kearnau01",13,0
"keefeti01",-2.3,0
"keelewi01",54.2,0
"keenaji01",10,0
"kekicmi01",-0.7,0
"kellech01",43.8,5
"kellejo01",50.4,0
"kellemi02",-2.4,0
"kellesh01",0,0
"kellge01",37.6,10
"kellnal01",1.5,1
"kellyge01",25.6,0
"kellyjo05",0.1,0
"kellyki01",47,0
"kellypa01",11.7,1
"kellyro01",20.5,2
"keltnke01",33.3,7
"kemmeru01",-0.6,0
"kempma01",21.4,3
"kempst01",19.5,1
"kendafr01",0.9,0
"kendaja01",41.7,3
"kendrho01",35,1
"kendrky01",0.2,0
"kennead01",20.9,0
"kennebo01",-2.5,0
"kennebr01",2.8,0
"kenneia01",1.1,0
"kennejo03",-2.8,0
"kennejo04",0.1,0
"kennete02",21.6,4
"kenneve01",2,2
"kensilo01",-0.1,0
"kentje01",55.4,5
"keougma01",1.3,0
"keougma02",0.1,1
"keppije01",1.1,0
"kernji01",-0.2,3
"kershcl01",2.8,9
"kessido01",8.9,6
"keuchda01",-0.2,2
"keyji01",-0.1,5
"kiermke01",31.8,0
"kileda01",-0.4,3
"killebi01",9.8,0
"killefr01",3.9,0
"killeha01",60.3,13
"kilroma01",3,0
"kimbrcr01",0,8
"kimby01",-0.5,1
"kindaje01",-3,0
"kindeel01",-2,0
"kinerra01",48.1,6
"kingemi01",0.5,0
"kingje01",16.9,0
"kingji01",11.1,0
"kingmda01",17.4,3
"kingra01",-0.1,0
"kingsi01",0.3,0
"kinslia01",54.1,4
"kinslto01",1.4,0
"kintzbr01",0,1
"kipnija01",21.3,2
"kirklwi01",9.5,0
"kirkped01",8.1,0
"kisonbr01",0.9,0
"kitsofr01",3.3,0
"kittlro01",4.7,1
"kittrma01",1.6,0
"klausbi01",8.1,0
"kleinch01",46.5,2
"kleinre01",4.9,0
"kleskry01",26.7,1
"klimclo01",-2.6,0
"klinero01",-4.1,0
"klinest02",0,0
"klingjo01",29.1,0
"klippjo01",-2.6,0
"klubeco01",0,3
"kluszte01",31.4,4
"kluttcl01",7.2,0
"knabeot01",9.6,0
"kneppbo01",0.9,2
"knickbi01",4.7,0
"knighra01",13.3,2
"knoblch01",44.6,4
"knoopbo01",12.7,1
"knorrra01",-1.6,0
"knottja01",-4.3,0
"knowlda01",-0.2,1
"koenima01",7.8,0
"kollodo01",2.4,0
"kolpra01",-1,0
"konerpa01",28.1,6
"koneted01",46.4,0
"konstji01",-0.8,1
"kontoge01",-0.1,0
"kooncca01",-0.9,0
"koosmje01",-3.3,2
"kopfla01",4.2,0
"koscoan01",0.6,0
"kosloda01",-2.6,0
"kotchca01",7.5,0
"kotsama01",21.3,0
"kottage01",2.9,0
"koufasa01",-4.2,7
"kralija01",-0.2,1
"krameja01",0.3,3
"kraneed01",4.2,1
"kratzer01",0,0
"krausle02",0.6,0
"kreevmi01",NA,NA
"kremera01",-1.5,0
"kressre01",14.7,0
"kretllo01",-1.5,0
"kreutch01",7.7,0
"kruegbi01",0.2,0
"krukjo01",25.1,3
"krukomi01",2.6,1
"kubelja01",4.1,0
"kubiate01",2.3,0
"kuehnbi01",7.1,0
"kuennha01",26,10
"kuheljo01",30.2,0
"kuipedu01",4,0
"kuzavbo01",-1.2,0
"laabsch01",10.8,1
"labincl01",-2,2
"lachaca01",11,0
"lackejo01",-0.8,1
"lacorfr01",-0.6,0
"lacosmi01",-0.9,1
"lacyle01",20.2,0
"laffeaa01",0,0
"lagami01",-1,0
"lagarju01",11.2,0
"lagrole01",-0.1,0
"lahoujo01",4.2,0
"lairdge01",6.5,0
"lajoina01",106.9,0
"lakeed01",12.6,0
"lakemal01",-2.5,0
"lakerti01",-2,0
"lakest01",2.1,0
"lamabja01",-1,0
"lamarbi01",2.9,0
"lambja01",7.2,1
"lambmi01",4,0
"lampde01",-0.4,0
"lampkto01",6.2,0
"landera01",0.6,0
"landiji01",20.6,2
"landrho01",2.9,0
"landrke01",10.3,1
"landrti01",1.8,0
"langery01",3.1,0
"langfri01",0,0
"langsma01",0.1,4
"lanieha01",-0.9,0
"laniema01",-0.1,2
"lankfra01",38.2,1
"lannijo01",-0.5,0
"lansfca01",40.5,1
"lansimi01",10,0
"lapoida01",-1.3,0
"laporfr01",17.6,0
"larkiba01",70.5,12
"larkihe01",28.7,0
"larocad01",14.2,0
"larocda01",0.7,2
"larsedo01",5.9,0
"larueja01",8.9,0
"laryfr01",1,3
"laryly01",20.2,0
"lasteto01",3.7,1
"lathaar01",30.5,0
"latmaba01",0,1
"latosma01",0.1,0
"lauch01",2,0
"lavagco01",12.9,4
"lavalmi01",13.9,0
"lavando01",9.3,0
"lavarry01",-1.2,0
"lavelga01",-0.7,2
"lawsoro01",-0.8,0
"lawtoma02",15.2,2
"lawva01",10.6,1
"lawve01",6.3,2
"lazzeto01",47.6,1
"leachfr01",7.7,0
"leachri01",3.1,0
"leachte01",-0.1,0
"leachto01",47.1,0
"leagubr01",0,1
"leakemi01",2.7,0
"learyti01",1.5,0
"leblawa01",1,0
"ledeeri01",2.8,0
"ledezwi01",-0.1,0
"leebi02",-1.2,2
"leebi03",0.6,1
"leeca01",28.3,3
"leecl02",0.7,4
"leede02",34.6,2
"leedo01",-0.2,0
"leele02",2.1,0
"leema02",9.7,0
"leeth01",-0.7,2
"leetr01",7.3,0
"leevesa01",-0.5,0
"leffecr01",-0.5,0
"lehnepa01",-3.8,0
"leibeha01",13.6,3
"leibone01",10.8,0
"leibrch01",-0.7,0
"leifile01",0,0
"leipeda01",0,0
"leiteal01",-2.5,2
"leitema01",-0.6,0
"lemahdj01",30.3,3
"lemasde01",-0.7,1
"lemasjo01",-5.4,0
"lemkema01",6.1,0
"lemonbo01",10.7,7
"lemonch01",55.6,3
"lemonji01",7,2
"leonade01",0,0
"leonadu01",-0.4,0
"leonadu02",-2.8,5
"leonaje01",9.9,2
"leonedo01",0,0
"leonsa01",1.2,0
"lepcite01",5.3,0
"lerchra01",1.5,0
"leskacu01",0.2,0
"leslisa01",11.6,0
"lestejo01",-0.1,5
"levinal01",0,0
"lewisbu01",29.1,2
"lewisco01",0.2,0
"lewisda01",10.5,0
"lewisdu01",21.3,0
"lewisma01",-2.6,0
"leyriji01",7.9,0
"lezcasi01",28.2,0
"lidgebr01",0.1,2
"lidleco01",0.2,0
"liebejo01",-1.3,1
"liebemi01",15.3,2
"lillibo01",-3.6,0
"lillyte01",-2.1,2
"limajo01",-1.3,1
"linceti01",-0.4,4
"lindad01",12.7,0
"lindbpa01",0.6,0
"lindejo01",13.9,1
"lindjo01",3.8,0
"lindsfr01",28.3,0
"lindsji01",-0.4,0
"linebsc01",0.1,0
"linzyfr01",0.6,0
"liponjo01",6,0
"liriafr01",0.1,1
"liriane01",3,0
"littldi01",-0.2,0
"litwhda01",18.5,1
"livinmi01",2.3,0
"livinsc01",2.3,0
"lloydgr01",0,0
"loaizes01",-0.2,2
"lobatjo01",-0.3,0
"loberha01",23.1,0
"lockebo01",0.9,0
"lockebo02",-0.4,0
"lockhke01",6,0
"lockmwh01",19.4,1
"lockwsk01",0.1,0
"loducpa01",17.8,4
"loeka01",0.1,0
"loesbi01",-2.2,1
"loftoke01",68.4,6
"loganbo02",0,0
"loganjo01",33,4
"lohrmbi01",-0.5,0
"lohseky01",-0.6,0
"lolicmi01",0.1,3
"lollash01",30.1,9
"lombaer01",37.8,8
"lonboji01",-0.5,1
"loneyja01",11.3,0
"longda02",10.2,1
"longhe01",37,0
"longoev01",58.1,3
"loopebr01",1.1,0
"lopated01",3.9,1
"lopatst01",15.3,2
"lopesda01",42.4,4
"lopezal01",16.3,2
"lopezal02",-0.5,0
"lopezau01",-0.2,1
"lopezfe01",7.5,1
"lopezhe01",12.9,0
"lopezja01",29.7,3
"lopezja02",0,0
"lopezjo01",10,1
"lopezjo02",0,1
"lopezlu02",-4.9,0
"lopezro01",NA,NA
"lordha01",16.4,0
"loretma01",19.3,2
"loupaa01",0,0
"lowdegr01",-1,0
"lowebo01",20.3,0
"lowede01",1.2,2
"lowelmi01",24.8,4
"lowema01",0,0
"lowenjo01",9.9,0
"lowntu01",-0.1,0
"lowrepe01",13.5,1
"lowrije01",15.8,1
"lucasre01",12,0
"lucrojo01",17.7,2
"luderfr01",19.9,0
"ludwiry01",11.1,1
"lugoju01",13.5,0
"lummi01",5.2,0
"lumpeje01",15.4,1
"luquedo01",4.3,0
"luzingr01",26.2,4
"lylesjo01",-0.2,0
"lylesp01",0.4,3
"lynchje01",2.5,0
"lynnfr01",50.2,9
"lynnla01",-0.9,2
"lyonbr01",0.2,0
"lyonsde01",35.5,0
"lyonsst01",1.8,0
"lyonste01",3.8,1
"mabryjo01",-2.1,0
"macdomi01",0,1
"macfada01",-3.6,0
"macfami01",14.7,0
"machama01",52,6
"macharo01",0.3,0
"mackco01",6.9,0
"mackra01",4.8,1
"macksh01",21.7,0
"maddoel01",14.9,0
"maddoga01",36.8,0
"maddugr01",1.8,8
"maddumi01",-0.4,0
"madlobi01",38.2,3
"madsory01",-0.2,0
"magadda01",21.1,0
"mageele01",10.2,0
"mageesh01",59.4,0
"maglisa01",-3.7,2
"magnami01",0.1,0
"mahayro01",-0.1,0
"mahlemi01",-0.1,0
"mahleri01",0.7,0
"maholpa01",-1.2,0
"mahompa01",0.5,0
"majesha01",13,0
"maldoca01",10,0
"maldoma01",7.5,0
"malonji01",3.4,1
"malonpa02",-1.4,0
"malzofr01",16.3,8
"mamaual01",0.3,0
"mancugu01",10.5,2
"maniocl01",-2.2,0
"mannija01",6.1,0
"manniri01",11.7,0
"mannle01",14.1,0
"manrifr01",2.6,0
"mantema01",0,0
"mantife01",6.5,1
"mantlmi01",110.2,20
"mantoje01",0.7,0
"manushe01",48,1
"manwaki01",5.2,0
"manzajo01",-0.1,0
"maranra01",43.9,0
"marbefi01",-1.1,0
"maricju01",1.1,10
"marioma01",31.9,8
"marisja01",11.5,0
"marisro01",38.2,7
"markani01",33.6,1
"marmoca01",0.1,1
"marquja01",2.5,1
"marquru01",-2.3,0
"marreel01",4.9,0
"marsaar01",2.8,0
"marshdo01",0.9,0
"marshmi01",1,2
"marshmi02",10.1,1
"marshwi01",19.8,3
"marteda01",-0.1,0
"martest01",38.6,2
"martial03",7.4,0
"martibi02",3,1
"martibu01",4.5,0
"martica01",11,0
"martida01",19.1,0
"martide01",-0.6,4
"martied01",68.4,7
"martijc01",NA,NA
"martijd02",27.9,5
"martije01",2.4,0
"martile01",11.5,0
"martimi02",-1.2,0
"martimo01",-0.6,0
"martipe01",21.9,4
"martipe02",-2.2,8
"martira02",0,1
"martira03",-0.8,0
"martiru01",38.8,4
"martite01",-2.7,0
"martiti01",0,1
"martiti02",29,2
"martito02",-0.1,0
"martivi01",32,5
"marzajo01",0.3,0
"masiph01",14.4,4
"masonji01",-1.6,0
"masonro01",-0.3,0
"masseni01",-0.1,0
"masteju01",0.1,1
"mastewa02",-1.5,2
"mathebo01",-7.2,0
"mathech01",6.2,0
"matheed01",96.1,12
"mathemi01",-0.5,0
"mathetj01",NA,NA
"mathije01",0.4,0
"matlajo01",0.5,3
"matsuhi01",21.2,2
"matthga01",30.4,1
"matthga02",14.2,1
"mattido01",42.4,6
"mauchge01",-0.1,0
"mauerjo01",55.2,6
"maulal01",3.4,0
"maxvida01",7.6,0
"maxwech01",19.8,2
"maybejo01",25,2
"maybica01",13.5,0
"mayca01",10.5,2
"mayda01",13.5,1
"mayde01",2.6,0
"mayele01",15.8,0
"mayerer01",0.7,0
"mayja01",-0.7,0
"mayje01",5.3,0
"mayle01",27.3,3
"maymi01",16.4,0
"maynebr01",2.8,0
"mayru01",-0.3,0
"maysca01",7.6,0
"mayswi01",156.1,24
"mazerbi01",36.5,10
"mazzile01",15.6,1
"mcaleji01",1.5,0
"mcauldi01",37.6,3
"mcbeaal01",1.4,0
"mcbriba01",22.6,1
"mcbrige01",21,0
"mccanbr01",32,7
"mccaral01",1.6,0
"mccarbr01",-0.5,0
"mccarda01",-2.2,0
"mccarja01",10.4,0
"mccarjo03",3.3,0
"mccarle01",4.6,0
"mccarti01",28.3,2
"mccarto01",16.2,0
"mccaski01",0,0
"mcclubo01",0.1,0
"mccorba01",3,0
"mccorfr01",31.9,9
"mccorji01",0.2,0
"mccormi02",5.1,0
"mccormi03",1.3,4
"mccosba01",21.8,0
"mccovwi01",64.5,6
"mccraqu01",0.3,0
"mccrato01",8.6,0
"mccreto01",10.8,0
"mcculcl01",9.6,2
"mccurha01",2.7,0
"mccutan01",47,5
"mcdanli01",-0.8,2
"mcdermi03",4.6,0
"mcdonjo03",6.3,0
"mcdougi01",40.6,6
"mcdowja01",NA,NA
"mcdowro01",0.6,0
"mcdowsa01",-1.3,6
"mcelrch01",0.2,0
"mcfared01",20.8,0
"mcfartj01",-0.1,0
"mcgafan01",-1.2,0
"mcganda01",34,0
"mcgarch01",1.4,0
"mcgeami01",11,0
"mcgeeja01",0,0
"mcgeewi01",34.2,4
"mcgehca01",0.7,0
"mcginjo01",-2.9,0
"mcgloji01",0,1
"mcgloly01",0.2,1
"mcgowdu01",-0.3,0
"mcgrabo01",-1,0
"mcgrajo01",45.7,0
"mcgratu01",0.8,2
"mcgresc01",0,1
"mcgrifr01",52.6,5
"mcguide01",24.8,0
"mcgwima01",62.1,12
"mchugco01",-0.1,0
"mcinnst01",34.6,0
"mcintma01",20.7,0
"mckeaed01",38.7,0
"mckecbi01",3.4,0
"mclaide01",-1.2,3
"mcleala01",12.8,0
"mclemma01",19.6,0
"mclisca01",0.4,1
"mclouna01",6.5,1
"mcmahdo02",-0.1,1
"mcmahsa01",-2.8,0
"mcmanma01",34.1,0
"mcmicgr01",-0.1,0
"mcmilro01",25.8,2
"mcmulke01",34,0
"mcnaier01",5.1,0
"mcnalda01",0.8,3
"mcnalmi01",0.1,0
"mcphebi01",52.5,0
"mcquige01",-2.2,0
"mcquige02",21.6,7
"mcquihu01",-0.1,0
"mcraebr01",14.3,0
"mcraeha01",27.9,3
"mcreyke01",30.1,0
"mcwilla01",-1,0
"meadobr01",-0.6,0
"meadole01",-2.4,0
"mechegi01",-0.1,1
"mecirji01",0,0
"medicdo01",-0.4,0
"medwijo01",54.5,10
"meekijo01",2.2,0
"melanma01",0.1,4
"melesa01",1.3,0
"melhuad01",0.7,0
"melilsk01",-1,0
"meltobi01",18.7,1
"melvibo01",2.5,0
"mendora01",0,0
"menefjo01",0.5,0
"menkede01",28.1,2
"mercaor01",-3,0
"mercejo03",6.9,0
"merceor01",16.2,0
"merckke01",-0.8,0
"merklfr01",19.8,0
"merlolo01",3,0
"merribi01",2,0
"merriji01",-0.1,1
"mertesa01",23.2,0
"mesajo01",0,2
"messean01",2.6,4
"metkoca01",5.9,0
"metzgro01",3.4,0
"meusebo01",28.2,0
"meuseir01",22.1,0
"meyerch01",25.2,0
"meyerda01",-6.5,0
"meyerru01",-3.4,0
"micelda01",-0.2,0
"michaca01",15.9,2
"michage01",0.2,0
"michaja01",5.6,0
"mientdo01",11.8,0
"mieskma01",0.1,0
"mikkepe01",-0.3,0
"miksied01",-3,0
"milancl01",40,0
"milbola01",-0.6,0
"mileywa01",0.6,1
"millafe01",17.6,3
"millake01",14.2,0
"millean01",-0.8,2
"millebi02",29.5,0
"millebo02",-0.2,0
"millebo04",-1.3,0
"millebr02",6.4,0
"milleco01",0,0
"milleda02",8.9,1
"milledo01",19.1,0
"milledo02",18.4,0
"milleed03",22.4,7
"milleno01",1.2,0
"milleot01",0.1,0
"milleri01",15.5,0
"millesh01",0.2,1
"millest01",-0.2,2
"milletr02",0,0
"millijo01",20.3,0
"millsal01",0,0
"millwke01",-0.9,1
"milnaal01",0.9,1
"milnejo01",12.5,0
"milonto01",0.2,0
"miltoer01",0.7,1
"minchdo01",23.1,2
"mingost01",-0.1,0
"minnepa01",2.6,0
"minormi01",-0.1,1
"minosmi01",53.8,13
"mintogr01",0.5,1
"mirabdo01",4.8,0
"mirabpa01",0,0
"miranwi01",-0.3,0
"mitchcl01",3.3,0
"mitchda01",19.5,2
"mitchke01",29.1,2
"mitchmi01",19.1,0
"mitchwi01",-3,0
"mittege01",6.1,0
"mizejo01",70.7,10
"mizelvi01",-2.8,2
"mlickda01",0.3,0
"moehlbr01",-1.6,0
"moellch01",-3.6,0
"moffira01",-0.2,0
"mogrige01",-1.1,0
"mohlemi01",0,0
"molinbe01",10.7,0
"molinbo01",0.9,0
"molinjo01",3.1,0
"molinya01",42.3,10
"molitpa01",75.6,7
"mollwfr01",-2.9,0
"monbobi01",-2,4
"mondari01",33.1,2
"mondera01",29.5,1
"moneydo01",36.5,4
"mongesi01",-0.1,1
"monrocr01",3.7,0
"montawi01",1.6,1
"montejo01",-1.6,1
"montemi01",14.3,2
"monteri01",0,0
"montgbo01",2.2,0
"montgje01",0,3
"moonwa01",24.9,3
"moorech02",10.3,0
"mooredo01",0.8,1
"mooreea01",-4.5,0
"mooreed01",6.6,0
"moorege03",15.3,1
"moorejo01",11.2,0
"moorejo02",18.9,6
"moorema02",-0.5,1
"mooremi01",0,1
"moorera01",3.5,0
"moorera02",0.5,0
"moorete01",21.6,4
"moosebo01",0.1,0
"moralfr01",0.1,0
"moralje01",-2,1
"moraljo01",0.1,0
"moralke01",13.3,0
"morame01",28.2,2
"moranmi01",9.8,1
"moranpa01",7.5,0
"mordemi01",-2.8,0
"morelke01",3.5,0
"morelmi01",10.8,1
"morenom01",9.5,0
"morgabo01",9.5,0
"morgacy01",-3.5,0
"morgajo02",100.4,10
"morgami01",-2.5,1
"morgato01",0,0
"moriage02",14.1,0
"morneju01",27,4
"morriha02",13.4,0
"morrija02",-0.1,5
"morriji01",11.9,0
"morrijo01",23.5,0
"morrijo04",-2.6,0
"morrilo01",3.9,0
"morrima01",2.1,2
"morrobr01",-0.3,0
"morsemi01",4,0
"mortoch02",-2.3,2
"mortogu01",-3.2,0
"morynwa01",9.9,1
"mosebll01",27.6,1
"mosesje01",1.6,1
"mosesjo01",-3.5,0
"moseswa01",36.5,2
"mossbr01",5,1
"mossido01",1,1
"mossle01",1.5,0
"mostijo01",24.2,0
"motagu01",0.3,0
"motama01",17.4,1
"moustmi01",12.9,3
"mowremi01",20.3,0
"moyerja01",-0.1,1
"moylape01",-0.1,0
"muellbi02",23.9,0
"muelldo01",4.1,2
"muellhe01",3.4,0
"muellra01",13.9,1
"mujiced01",0,1
"mulhote01",-1.8,1
"mullato01",5.6,0
"mullige01",12.8,0
"mullipa01",10.6,2
"mullira01",17,0
"mulvejo01",7,0
"mumphje01",22.3,1
"muncrbo01",-1.3,1
"mungere01",-0.4,3
"mungova01",2.1,5
"munozmi01",0.1,0
"munsoth01",46.1,7
"murcebo01",32,5
"murphda02",35.7,0
"murphda05",46.5,7
"murphda07",10.1,0
"murphda08",20.4,3
"murphdw01",33.3,0
"murphed02",9.1,0
"murphjo04",-0.5,3
"murphmo01",-2.1,0
"murphro01",0,0
"murphto02",-0.1,0
"murrada01",-0.5,0
"murraed02",68.7,8
"murrare01",15.9,0
"murreiv01",0.7,0
"muserto01",-1.3,0
"musiast01",128.6,24
"mussimi01",0,5
"myattgl01",3.8,0
"myerbu01",48.6,2
"myersbr01",-0.7,0
"myersgr01",7.3,0
"myershy01",8.8,0
"myersmi01",0,0
"myersra01",0.2,4
"myerswi01",13.6,1
"nadyxa01",3.7,0
"nagych01",0,3
"napolmi01",26.3,1
"naragha01",-0.6,0
"nashbi01",33.7,0
"nathajo01",0.3,6
"navardi01",7.1,1
"navarja01",-0.5,0
"neaglde01",-0.1,2
"needhto01",2.6,0
"nehfar01",4.1,0
"nelsoca01",16,0
"nelsoda01",5.1,1
"nelsoge01",0,0
"nelsoje01",0,1
"nelsoro01",1.9,0
"nenro01",-0.1,3
"neshepa01",0,2
"nettlgr01",68,6
"nevinph01",15.9,1
"newcodo01",8.6,4
"newhoha01",2.7,7
"newsobo01",-3.5,4
"newsosk01",1.2,0
"niarhgu01",3.4,0
"nicasju01",-0.1,0
"nichobi01",41.8,5
"nichoki01",-0.4,0
"nicolhu01",4.1,0
"nicosst01",1.1,0
"niedeto01",0,0
"niekrjo01",1,1
"niekrph01",-1.1,5
"niemabo01",17.4,0
"niesejo01",1.5,0
"nievewi01",-2.2,0
"niggejo01",-2,0
"nitkocj01",NA,NA
"nixja01",1.6,0
"nixla01",3.8,0
"nixonot01",16.6,0
"nixonru01",-1.7,0
"nixontr01",21.2,0
"nokesma01",9.8,1
"nolanga01",0.2,1
"nolanjo01",1.5,0
"nolasri01",0.4,0
"nolesdi01",-0.3,0
"nomohi01",-0.9,1
"nordhwa01",-1.2,0
"norenir01",15.1,1
"normafr01",-1,0
"norribu01",0.3,0
"norrida01",0.1,0
"norrimi01",0,1
"northbi01",26.8,0
"northji01",22.1,0
"northro01",13.6,0
"nortogr01",-2.6,0
"nottedo01",-0.1,0
"novaiv01",-1.4,0
"nunamle01",11.8,0
"nunezab01",0.9,0
"nunezed01",0,0
"nunezed02",0.2,1
"nunezvl01",0,0
"nuxhajo01",3.6,2
"oatesjo01",3.2,0
"oberkke01",22.4,0
"obriech01",NA,NA
"obriepe03",NA,NA
"ochoaal01",6.4,0
"oconnda02",NA,NA
"oconnja01",NA,NA
"odayda01",0,1
"odeake01",NA,NA
"odellbi01",NA,NA
"odombl01",3.2,2
"odonojo01",NA,NA
"odorija01",-0.1,1
"odoulle01",NA,NA
"oeschjo01",-2.2,0
"oestero01",11,0
"ofarrbo01",NA,NA
"offerjo01",17.1,2
"officro01",-3.5,0
"oflaher01",0,0
"oglivbe01",26.4,3
"ohkato01",-0.7,0
"ohlenro01",-1,0
"ohmanwi01",0.2,0
"ojedabo01",-0.4,0
"oldriru01",15,0
"olearch01",NA,NA
"oleartr01",NA,NA
"olerujo01",58.2,2
"olivaom01",2.2,0
"olivato01",43,8
"oliveal01",43.7,7
"olivebo01",4.3,0
"oliveda02",1,0
"olivege01",6.5,0
"olivejo01",3.8,0
"olivomi01",8,0
"olsongr01",0.2,1
"olsoniv01",5.7,0
"omallto01",NA,NA
"oneilmi02",NA,NA
"oneilpa01",NA,NA
"oneilst01",NA,NA
"oneilti01",NA,NA
"ontivst02",-0.1,1
"oquenjo01",13.6,0
"ordonma01",38.8,6
"oroscje01",0.3,2
"orourfr01",NA,NA
"orourji01",NA,NA
"orrda01",27.8,0
"orsuljo01",5.4,0
"ortajo01",14.9,2
"ortegph01",0,0
"orthal01",7.5,0
"ortizda01",55.3,10
"ortizju01",-0.3,0
"ortizra01",NA,NA
"ortizru01",3.8,1
"osikke01",-0.8,0
"osteecl01",4.3,3
"osterfr01",1.6,0
"osunaan01",-0.1,0
"oswalro01",0.1,3
"otisam01",42.8,5
"otoolji01",NA,NA
"ottavad01",0,0
"ottme01",110.8,12
"outlaji01",-0.3,0
"overbly01",16.5,0
"overmst01",0.6,0
"owchibo01",-0.1,0
"owenmi01",4.7,4
"owensji01",-1,0
"owensp01",12.5,0
"owingch01",2.4,0
"ozunama01",20.1,2
"pacioto01",7.6,1
"padilvi01",-0.6,1
"pafkoan01",36.8,5
"paganan01",18,0
"paganjo01",5.7,0
"pagliji01",15.8,0
"paglimi01",10.6,0
"pagnoto01",7.7,1
"paintla01",0,0
"palicer01",0.6,0
"palldo01",0,0
"palmeda01",0.2,0
"palmede01",13.3,1
"palmeji01",0.9,6
"palmeor01",2.6,0
"palmera01",71.9,4
"panikjo01",5.4,1
"papeljo01",0,6
"pappami01",-2.5,3
"paquecr01",-1.6,0
"parenfr01",35.9,0
"parenma01",1.7,0
"parkch01",1.9,1
"parkebl01",0,0
"parkeda01",40.1,7
"parmero01",0.8,0
"parneme01",0.3,2
"parrage01",10.8,0
"parreje01",-0.1,0
"parrila01",15.6,2
"parrila02",39.6,8
"pascuca02",3.4,7
"paskedo01",24.7,0
"pasquda01",10.7,0
"passecl01",1.7,5
"patekfr01",24.1,3
"pattebo01",-0.1,0
"patteco01",9.7,0
"pattima01",-1,1
"pauljo01",0.2,0
"pavanca01",-0.2,1
"pavledo01",4.1,0
"paytoja01",15.4,0
"peacobr01",0,0
"peacojo01",1.2,0
"pearcst01",9.9,0
"pearsal02",13.2,1
"pearsmo01",1.7,2
"peavyja01",2,3
"peckiro01",45.2,0
"pederjo01",11.5,2
"pedrodu01",51.9,4
"peitzhe01",19.6,0
"pelfrmi01",-0.8,0
"peltyba01",-2.4,0
"penaal01",-0.3,0
"penabr01",0.2,0
"penaca01",25.5,1
"penaor01",-0.5,0
"penato01",24.7,5
"penawi01",-1.2,0
"pencehu01",30.9,4
"pendlte01",28.4,1
"pennicl01",10.1,0
"pennohe01",0.8,0
"pennybr01",0.1,2
"pepitjo01",9.8,3
"peralda01",15.1,0
"peraljh01",30.4,3
"peraljo01",0,0
"peralwi01",-0.5,0
"percitr01",-0.1,4
"perezed01",0.9,0
"perezed02",1.8,0
"perezhe01",2.3,0
"perezma01",-0.1,0
"perezma02",-0.1,1
"perezne01",2.6,0
"perezod01",-0.1,1
"perezol01",0.5,0
"perezpa01",-0.2,1
"perezsa02",32.3,7
"perezto01",54,7
"perezto03",-0.2,0
"perkicy01",11.8,0
"perkigl01",-0.1,3
"perraro01",-0.7,0
"perripo01",-2,0
"perryga01",-3,5
"perryge01",-0.1,1
"perryhe01",5.1,0
"perryji01",3.2,3
"persoro01",-0.1,0
"peskyjo01",34.3,1
"peterfr01",1.5,1
"peterga01",6.4,2
"peterja01",3.7,0
"peterjo01",13.7,0
"peterru02",-0.8,0
"petityu01",-1,0
"petrage01",3.8,0
"petrori01",39.1,2
"petryda01",0,1
"pettian01",-0.5,3
"pettiga01",22.1,0
"pfefffr01",26.2,0
"pfeffje01",-0.2,0
"phamth01",16.4,0
"phelpba01",13,3
"phelpda01",-0.2,0
"phelped01",2.1,0
"phelpjo01",3.2,0
"phelpke01",9.4,0
"phillad01",13.7,0
"phillbi01",12.5,0
"phillbr01",28.4,3
"phillbu02",3.1,0
"phillda01",7.9,0
"phillde01",-0.3,0
"phillja02",1,0
"phillmi01",0.6,0
"phillto02",50.9,0
"piazzmi01",59.5,12
"picciro01",-2.1,0
"pichahi01",-0.1,0
"picinva01",2.4,0
"piercbi02",0,7
"pierrju01",17.3,0
"piersji01",29.3,2
"pierzaj01",NA,NA
"pikeli01",14.3,0
"pillake01",16.3,0
"pineijo01",-0.6,0
"pinielo01",12.4,1
"pinknge01",21.1,0
"pinsova01",54.2,4
"pipgrge01",-1.7,0
"pippwa01",31.7,0
"pizarju01",3.4,2
"planked01",3.3,0
"plantph01",2.3,0
"plesada01",-0.2,3
"plouftr01",7.3,0
"plummbi01",-4.1,0
"plunker01",0,0
"pocorbi01",-0.7,1
"podbibu01",-0.3,0
"podrejo01",1.6,4
"podsesc01",6.9,1
"polanpl01",41.9,2
"politcl01",-0.1,0
"polleho01",0.5,3
"polloaj01",23.2,1
"polonlu01",9,0
"pomerdr01",-0.1,1
"ponsosi01",-0.1,0
"pooleji02",0.1,0
"popovpa01",-1.9,0
"porceri01",0,0
"portebo01",0.5,1
"porteda02",40.9,4
"portuma01",2.1,0
"posadjo01",42.7,5
"poseybu01",44.8,7
"postwa01",18.2,0
"pottene01",1.9,0
"powelbo01",39.1,4
"powelja01",0.8,0
"powelja03",-0.3,0
"powelja04",-0.1,0
"powerdo01",-2.8,0
"powerte01",-0.4,0
"powervi01",15.3,6
"pradoma01",27.7,1
"prattde01",45.7,0
"prattto02",4.3,0
"preslal01",0.6,0
"pressry01",0,2
"priceda01",-0.1,5
"pricejo02",-0.6,0
"priddbo01",0,0
"priddje01",18.7,0
"pridecu01",1,0
"princto01",0.8,0
"pruitro01",-0.1,0
"pryorgr01",4.6,0
"puckeki01",51.2,10
"puhlte01",28.3,1
"pujolal01",101.7,11
"puntoni01",15.4,0
"purcebl01",5.2,0
"purkebo01",-2,5
"putzjj01",0,1
"pytlafr01",8.6,0
"quallch01",-0.1,0
"quantpa01",-0.3,1
"questjo01",3.1,0
"quinnja01",-1.1,0
"quinnjo02",4.7,0
"quinthu01",1.8,0
"quintjo01",-1.2,1
"quintom01",-0.9,0
"quirkja01",0.7,0
"quirogu01",-1.9,0
"quiseda01",0,3
"raburry01",3.3,0
"radatdi01",-0.5,2
"radboch01",2.2,0
"radclri01",9.2,1
"raderda01",4.1,0
"raderdo02",24.3,0
"radfopa01",14.3,0
"radinsc01",-0.1,0
"radkebr01",-0.3,1
"raffeke01",-3,1
"raganpa01",-1.9,0
"raineti01",69.4,7
"ramiral03",21.4,1
"ramirar01",32.4,3
"ramirer02",0,0
"ramirha01",38,3
"ramirjo01",40.3,4
"ramirma02",69.3,12
"ramirne01",0,0
"ramirno01",0,0
"ramirra01",6,1
"ramirra02",0.1,0
"ramosaj01",0,1
"ramosdo01",-1.9,0
"ramospe01",-0.6,1
"ramoswi01",15.2,2
"randajo01",21.4,0
"randlle01",11.6,0
"randowi01",65.9,6
"ransoco01",1,0
"rapppa01",-1.2,0
"raridbi01",7.8,0
"raschvi01",0.4,4
"rasmuco01",20.2,0
"rasmude01",1.1,0
"rasmuer01",-0.8,0
"rauchjo01",0,0
"rawlesh01",-0.1,1
"rawlijo01",5.5,0
"rayjo01",24.2,1
"raymocl01",-0.3,1
"rayro02",-0.3,1
"readyra01",10.9,0
"reardje01",-0.5,4
"rebouje01",10,0
"reddijo01",24.7,0
"redmama01",-1.7,1
"redmomi01",6.3,0
"redusga01",16.3,0
"reedad01",0,0
"reedho01",0.1,0
"reedje01",0,0
"reedje02",4.4,0
"reedjo01",15.9,0
"reedri01",0.8,2
"reedro01",0.1,1
"reedst01",-0.2,0
"reesepe01",68.4,10
"reeseri01",2.2,0
"reganph01",-0.3,1
"reichri01",13.9,0
"reilljo01",23.4,0
"reisepe01",24.5,3
"reitzke01",-3.1,1
"relafde01",-0.6,0
"remlimi01",-0.7,1
"remseja01",4.3,0
"remyje01",14.6,1
"rendoan01",33.2,1
"renkost01",2.6,0
"renteed01",32.4,5
"repozro01",6.5,0
"repulri01",5.2,1
"retteme01",20,0
"reulbed01",-2.5,0
"reuscri01",1.4,3
"reussje01",2.3,2
"reyesal01",0.1,0
"reyesca01",0,0
"reyesde01",-0.3,0
"reyesjo01",37.5,4
"reynoal01",-0.3,6
"reynoar02",-0.4,0
"reynoca01",22,0
"reynocr01",13.3,2
"reynoha01",15.9,2
"reynoma01",6.8,0
"reynosh01",-0.2,1
"rhemfl01",-4.1,0
"rhodear01",0,1
"rhoderi01",5.3,2
"ricede01",4.7,1
"riceha01",15.8,0
"riceji01",47.7,8
"ricesa01",54.4,0
"richabo01",8.1,8
"richacl01",-0.1,0
"richada01",15.9,0
"richaga01",-0.2,0
"richaha01",40.9,0
"richajr01",NA,NA
"richepe01",0.3,2
"richile01",-1.3,0
"riddlel01",0.9,1
"ridzist01",0.3,0
"riggsle01",8.8,1
"righeda01",0,2
"rijojo01",1.6,1
"rileser01",6,0
"rincoju01",0,0
"rincori01",-0.1,0
"ringji01",-5.4,0
"riosal01",27.3,2
"ripkebi01",5.9,0
"ripkeca01",95.9,19
"riskeda01",0,0
"ritchcl01",34.7,0
"riverji01",6.8,0
"riverju01",9.2,0
"riverlu01",1.2,0
"riverma01",0,13
"rivermi01",32.7,1
"riverre01",2.4,0
"rixeyep01",-1.5,0
"rizzoan01",39.2,3
"rizzuph01",42.2,5
"roarkta01",0.2,0
"roberbi01",20.5,1
"roberbo01",9.4,0
"roberbr01",29.5,2
"roberda01",10.5,0
"roberda05",1.4,0
"roberda06",0.3,0
"roberda07",9.1,0
"roberda08",0,1
"roberge01",4.8,0
"roberle01",12.1,0
"roberna01",-0.2,0
"roberro01",3.1,7
"roberry01",5.8,0
"robersh01",1.1,0
"robinbi02",7.5,0
"robinbr01",78.5,18
"robindo01",4.5,0
"robined01",14.8,4
"robinfl01",17.9,0
"robinfr02",107.2,14
"robinja02",63.8,7
"robinje01",-0.2,0
"robinro01",-0.4,0
"robinwi01",6.7,0
"robinya01",12.8,0
"robleha01",-0.1,0
"rodgean01",6.2,0
"rodnefe01",0,3
"rodrial01",117.6,14
"rodriau01",15.1,0
"rodrife01",0.2,0
"rodrifr03",0,6
"rodrihe02",2.4,1
"rodriiv01",68.7,14
"rodriri02",0,0
"rodrise01",9,0
"rodriwa01",-0.8,0
"roebued01",0.3,0
"roech01",0,0
"roeniga01",15.4,0
"roepr01",-4.9,5
"rogelbi01",25.1,0
"rogerke01",-0.1,4
"rogerst01",-0.4,5
"rogovsa01",0.6,0
"rojasco01",9.1,5
"rojasme01",-0.3,0
"rolanji01",-0.7,0
"rolensc01",70.1,7
"rolfere01",29.1,4
"rolliji01",47.6,3
"rolliri01",11.8,2
"romanjo01",20.9,4
"romered01",-5.2,0
"romerjc01",NA,NA
"rominan01",0.8,0
"rominau01",-1.2,0
"rommeed01",-0.5,0
"romose01",-0.1,1
"romovi01",-0.1,0
"roofph01",3.2,0
"rookeji01",2.7,0
"rootch01",0.1,0
"rosalad01",3.7,0
"rosarbu01",14.4,5
"rosebjo01",22.4,6
"rosemch01",4.5,0
"rosenal01",32.4,4
"rosenla01",4.7,0
"rosentr01",0,1
"rosepe01",79.6,17
"rossbu02",-2.1,0
"rossco01",13.5,0
"rosscza01",0,0
"rossda01",10,0
"rossga01",-0.2,0
"rossty01",1.4,1
"rothbr01",16.8,0
"rothrja01",4.4,0
"roushed01",45.6,0
"rowanaa01",20.9,1
"roweja01",28.4,0
"rowesc01",8.1,3
"roystje01",2.4,0
"rozemda01",0,0
"ruckena01",0.1,0
"rudijo01",25.5,3
"rudoldi01",1.9,0
"rudolke01",-0.7,0
"ruelmu01",20.9,0
"rueteki01",0.4,0
"ruethdu01",5.7,0
"ruffibr01",-1.5,0
"ruffire01",13.3,6
"ruggiju01",2.5,0
"ruhleve01",0.7,0
"ruizca01",22.5,1
"runnepe01",29.8,5
"ruschgl01",-0.2,0
"rushbo01",-0.5,2
"rusieam01",0.6,0
"russeal01",-1.4,0
"russebi01",31.4,3
"russeja01",-1,1
"russeje01",0,2
"russeji01",18.1,0
"russejo02",-3.2,0
"ruthba01",162.7,2
"ruthvdi01",1,2
"ryanbj01",NA,NA
"ryanbr01",15,0
"ryanco01",17.6,1
"ryanja01",-3.4,0
"ryanji01",43.5,0
"ryanmi02",-1.2,0
"ryanno01",-2.3,8
"ryanro01",-0.1,0
"rybami01",1.3,0
"rzepcma01",0,0
"sabatcc01",NA,NA
"saberbr01",-0.1,3
"saboch01",16.6,3
"sadecra01",2.8,0
"sadledo01",-0.9,0
"sainjo01",4.6,3
"sakatle01",4,0
"salasfe01",0,0
"salazlu01",9,0
"salech01",-0.1,7
"sallesl01",-1.1,0
"salmoti01",40.5,0
"saltaja01",5.9,0
"samarje01",-0.3,1
"sambijo01",0.3,1
"samueju01",17,3
"sanchaa01",-0.2,1
"sanchan01",-2,0
"sanchfr01",15.8,3
"sanchre01",20.6,0
"sandbry01",68,10
"sandede02",5.5,0
"sandeke01",0,0
"sandere02",39.8,1
"sandesc01",-1.7,1
"sandopa01",19,2
"sanfoja02",0.8,1
"sanguma01",27.5,3
"santaca01",32.8,1
"santaer01",-0.1,2
"santajo01",NA,NA
"santibe01",27.4,5
"santihe01",-0.1,1
"santira01",7.3,0
"santoro01",70.5,9
"sassema01",0.1,0
"satrito01",-0.5,0
"sauerha01",25.1,2
"saundjo01",0,1
"saundmi01",6,1
"savagte01",1.7,0
"sawatca01",4.3,0
"saxst01",25.7,5
"scanlbo01",-0.2,0
"scarbra01",-0.1,1
"schaapa01",14.7,0
"schaege01",8.9,0
"schalra01",33.2,0
"schanwa01",47.9,0
"schatda01",2.7,0
"schefbo01",2.7,0
"scheica01",2.8,0
"scheiri01",1.5,1
"scherma01",1,8
"schiena01",4.6,0
"schilcu01",-1,6
"schmida01",0,0
"schmija01",-2.2,3
"schmijo01",-1.9,2
"schmimi01",106.8,12
"schmiwa01",5.6,0
"schnebr01",6.8,0
"schoere01",44.5,10
"schoesc01",0.1,0
"schofdi01",8.5,0
"schofdi02",18.8,0
"schoojo01",20.1,1
"schoupe01",0.2,0
"schreos01",12.3,0
"schripo01",8.6,0
"schulfr01",23.7,0
"schulfr02",16.4,0
"schuljo03",1.5,0
"schumha02",2.7,2
"schumsk01",1.4,0
"schupfe01",0.4,0
"schuri01",1.8,0
"sciosmi01",26.1,2
"scottev01",16.5,0
"scottge02",36.6,3
"scottja01",5.2,0
"scottmi03",-1.3,3
"scottti01",-0.2,0
"scottto01",4.3,0
"scutama01",22.1,1
"seageky01",36.9,1
"seaneru01",0,0
"seaveto01",3.9,12
"seedsbo01",0.8,0
"seeryem01",10.9,0
"seguida01",10.4,0
"seguidi01",0.6,0
"segurje01",28,2
"seitzke01",28.8,2
"selbaki01",37,0
"seleaa01",0.2,2
"selmadi01",0.3,0
"semiema01",34.8,1
"seminan01",21.5,1
"servasc01",3.1,0
"servisc01",-0.2,0
"severha01",18.8,0
"seweljo01",54.7,0
"sewellu01",4.7,1
"sewelri01",1.8,4
"sexsori01",18,2
"seymocy01",31.6,0
"shaffor01",19.4,0
"shankho01",8.5,0
"shantbo01",2.5,3
"shautjo01",3.3,0
"shawbo01",-0.7,1
"shawbr01",0,0
"shawje01",-0.2,2
"shawkbo01",0.5,0
"sheame01",-0.6,0
"sheanda01",1.3,0
"sheckji01",49.5,0
"sheetbe01",-2.8,4
"sheffga01",60.5,9
"shelbjo01",3.2,0
"shellji01",-0.5,0
"sherdbi01",3.5,0
"sheripa01",5.4,0
"sherrge01",0,1
"sherrla01",0.2,0
"shielja02",0.3,1
"shielsc01",0,0
"shindbi01",17.5,0
"shiplcr01",-1.2,0
"shirlbo01",-0.3,0
"shochge01",9.9,0
"shockur01",3.9,0
"shoppke01",8.3,0
"shortch02",-2.8,2
"shottbu01",23.7,0
"shouncl01",0.2,0
"shousbr01",0,0
"shower01",0.5,0
"shrevch01",0,0
"shueypa01",0,0
"shumpte01",-0.2,0
"siebedi01",7.3,1
"siebeno01",21,4
"siebeso01",2.8,2
"sierrru01",16.8,4
"sievero01",25.5,5
"silvech01",1.1,0
"simmoal01",68.2,3
"simmoan01",37.3,0
"simmocu01",0.7,3
"simmote01",50.3,8
"simonra01",0.3,0
"simpsha01",5.9,1
"simsdu01",12.8,0
"sinatma01",-0.4,0
"singebi01",-0.7,2
"singlke01",41.8,3
"sippto01",0,0
"sislege01",54.8,0
"sistisi01",2.3,0
"sizemgr01",27.8,3
"sizemte01",16.1,0
"skinnbo01",16.6,3
"skinnjo01",0,0
"skowrbi01",27.1,8
"slaglji01",15.5,0
"slatoji01",-0.2,1
"slaugdo01",19.4,0
"slaugen01",57.8,10
"slocuhe01",-0.1,1
"smallaa01",-0.1,0
"smallro01",2.3,0
"smallro02",27.9,1
"smilejo01",0.1,2
"smithal01",-2.1,0
"smithal03",1.6,1
"smithal04",20.8,3
"smithbo02",2.1,0
"smithbr01",1,0
"smithch02",-1.2,0
"smithch04",4.9,0
"smithda02",-0.3,2
"smithea02",12.1,0
"smithed04",0.7,2
"smithel01",30.2,0
"smithel02",13.9,0
"smithfr03",4.8,0
"smithge01",21.6,0
"smithge02",-3.9,0
"smithha03",0.7,0
"smithha08",4.2,0
"smithja03",13.6,0
"smithja05",-1,0
"smithjo05",0,0
"smithle02",-0.5,7
"smithlo01",38.5,1
"smithoz01",76.9,15
"smithpe02",-0.3,0
"smithph01",2.6,0
"smithpo01",13.3,0
"smithre02",27,0
"smithre06",64.5,7
"smithse01",11.6,0
"smithsh01",2.5,0
"smithwi02",0.7,0
"smithwi04",0.1,1
"smithza01",-0.6,0
"smoakju01",6.9,1
"smoltjo01",2.6,8
"smylydr01",-0.6,0
"snidedu01",65.9,8
"snidetr01",4.4,0
"snodgfr01",15.8,0
"snowjt01",NA,NA
"snydech02",4.5,0
"snydeco02",0.7,0
"snydefr01",17.7,0
"snydepo01",7.5,0
"snyderu01",5.2,0
"soderer01",21.5,0
"sogarer01",6.8,0
"sojolu01",4.2,0
"solerjo01",4,0
"solomed01",-0.2,0
"soltemo01",6.5,0
"sommejo01",3.7,0
"sorenla01",-0.6,1
"soriaal01",28.6,7
"soriajo01",0,2
"soriara01",-0.1,1
"sorrepa01",5.6,0
"sorrevi01",-3.3,0
"sosael01",-0.4,0
"sosajo02",0.6,0
"sosasa01",58.6,7
"sothoal01",-0.3,0
"sotoge01",12,1
"sotoma01",-1.1,3
"southbi01",21.7,0
"spahnwa01",7.6,17
"spande01",27.9,0
"spangal01",4.3,0
"sparkst01",-0.2,0
"sparktu01",-4.6,0
"speaktr01",134.8,0
"spehrti01",1.3,0
"speiech01",30.6,3
"speieju01",0,0
"spencda01",13.6,0
"spencji01",2.7,1
"spencro01",-1.7,0
"spencst01",22.8,4
"spierbi01",10.2,0
"spiezed01",2.7,0
"spiezsc01",8.8,0
"spillda01",-0.4,0
"spilmha01",-0.5,0
"splitpa01",0.5,0
"spraged01",-0.2,0
"spraged02",5.7,1
"sprinja01",-0.2,0
"sprinru01",-0.4,0
"squirmi01",0.3,0
"staffge01",0.7,0
"stahlch01",31.7,0
"stahlja01",16.6,0
"stahlla01",2.2,0
"staintu01",-5.9,0
"stairma01",14.1,0
"stalege01",-2.6,4
"stammcr01",0.8,0
"stanaos01",4,0
"stangle01",-1.8,0
"stanhdo01",0.6,1
"stanked01",41.4,3
"stanlbo01",0,2
"stanlfr01",1.7,0
"stanlmi01",17.3,0
"stanlmi02",20.9,1
"stantmi02",0.5,1
"stantmi03",44.7,5
"stargwi01",57.5,7
"startjo01",32.5,0
"stassma01",2.2,0
"staubru01",45.8,6
"staufti01",0.2,0
"stclara01",NA,NA
"stearjo01",19.7,4
"steinbi02",5.4,0
"steinha01",30.4,0
"steinte01",28,3
"stengca01",20.2,0
"stennre01",13.9,0
"stenzja01",21.3,0
"stephge01",4.5,0
"stephjo02",-2.3,0
"stephri01",32.6,0
"stephve01",46.2,8
"stevele01",2,0
"stewabu01",5.9,0
"stewach01",1.3,0
"stewada01",0.4,1
"stewaji01",-1.2,0
"stewale01",0.9,0
"stewasa01",0,0
"stewash01",24.9,0
"stiebda01",-0.1,7
"stillku01",3.1,1
"stinnke01",1.8,0
"stinsbo01",4.3,0
"stirnsn01",27.4,2
"stiveja01",8.2,0
"stobbch01",0.6,0
"stockmi01",22.7,0
"stockwe01",-0.6,0
"stoddti01",-0.1,0
"stonede01",-0.7,1
"stonejo01",26.8,0
"stonest01",-1.5,1
"stottme01",2.4,5
"stottto01",1.9,0
"stovage01",13.2,0
"stoveha01",45.2,0
"stransa01",18.2,0
"strasst01",1.4,3
"stratsc01",3.5,0
"strawda01",42.2,8
"streega01",6.4,0
"streehu01",0,2
"striccu01",-1.9,0
"stricge01",6.8,0
"strichu01",0,0
"strinni01",-0.5,0
"stripjo01",14,0
"stroppe01",-0.1,0
"strunam01",28,0
"stuardi01",7.8,2
"stubbdr01",7.9,0
"stubbfr01",2.7,0
"stulter01",0.6,0
"sturdto01",0,0
"sturtta01",-0.1,0
"stynech01",8.2,0
"suderpe01",-1.9,0
"sudhowi01",-1.1,0
"sugdejo01",8.4,0
"suhrgu01",22.3,1
"sukefcl01",0.6,0
"sullibi03",8.8,0
"sullibi04",7.7,0
"sullifr01",-2.3,2
"sullimi02",-2.3,0
"sullisc01",-0.4,0
"summaho01",4.5,0
"summech01",3,0
"sundbji01",40.5,3
"sundrst01",1.1,0
"suppaje01",1.4,0
"surhobj01",NA,NA
"surkoma01",0.7,0
"sutclri01",2.7,3
"suthega01",-3.8,0
"suttebr01",-0.4,6
"suttodo01",-1.6,4
"suttoez01",32.9,0
"suzukic01",60,10
"suzukku01",19.5,1
"sveumda01",-2.3,0
"swancr01",0,0
"swarzan01",-0.1,0
"sweenma01",1.7,0
"sweenmi01",24.8,5
"swiftbi01",1.9,0
"swiftbi02",1.8,0
"swiftbo01",-2.5,0
"swindgr01",0.3,1
"swishni01",21.4,1
"swoboro01",8,0
"tablepa01",3.1,1
"talbofr01",1.9,0
"tallebr01",-0.1,0
"tananfr01",0,3
"tanneje01",6.6,0
"tannele01",20.9,0
"tapanke01",0,0
"tartada01",23.3,1
"tartajo01",-0.1,0
"tatebe01",3.7,0
"tatisfe01",6.3,0
"taubeed01",5.5,0
"tavarju01",-0.3,0
"taverfr01",1.8,0
"taylobi01",4,0
"tayloch03",15.6,1
"tayloda01",13.6,0
"taylodu01",-2.6,0
"tayloha04",-2.1,0
"tayloja02",3.8,0
"tayloro01",-0.9,0
"tayloto02",23.2,2
"tayloza02",3.7,0
"tazawju01",0,0
"tebbebi01",3.9,4
"tebeapa01",10.1,0
"teherju01",0.7,2
"teixema01",50.6,3
"tejadmi01",47.1,6
"tejadru01",4.6,0
"tekulke01",-0.6,1
"telemam01",-0.2,0
"templga01",27.8,3
"templjo01",17.2,6
"tenacge01",46.8,1
"tennefr02",44,0
"terrewa01",-0.2,0
"terryad01",1.6,0
"terrybi01",56.5,3
"terryra01",-1.3,2
"terwiwa01",7,0
"tettlmi01",29.3,2
"teufeti01",15.3,0
"tewksbo01",-0.4,1
"thamema01",1.9,0
"thatcjo01",0,0
"theveto01",-4.9,0
"thigpbo01",0,1
"thomade01",6.5,0
"thomafr03",18.7,3
"thomafr04",73.8,5
"thomaga01",6.9,0
"thomage01",2.1,0
"thomago01",19.8,1
"thomair01",8.2,0
"thomale03",2.9,2
"thomapi01",2.8,0
"thomaro01",40.6,0
"thomato02",-0.5,0
"thomeji01",73.1,5
"thompja01",24.9,3
"thompmi02",18.6,0
"thompro01",33.8,2
"thompsa01",44.4,0
"thomsbo01",33.8,3
"thomsjo01",0.7,0
"thondi01",23.9,1
"thornan01",24.1,2
"thornma01",0,1
"thornty01",-0.2,0
"thurssl01",3.8,0
"tiantlu01",0.4,3
"tidrodi01",-0.8,0
"tiefebo01",-0.2,0
"tiernmi01",42.3,0
"tillmbo01",-0.2,0
"tillmch01",-0.1,1
"timlimi01",-0.1,0
"tinglro01",0.2,0
"tinkejo01",53.2,0
"titusjo01",30,0
"tobinja01",20.9,0
"tobinji01",6.6,1
"toddal01",4.4,0
"tolanbo01",10.1,0
"tollewa01",2.3,0
"tomkobr01",-0.2,0
"tomlida01",0.3,0
"tomlijo01",0.3,0
"toneyfr01",-2.6,0
"torboje01",0.4,0
"torgeea01",33.1,0
"torreca01",-0.1,0
"torrejo01",57.5,9
"torremi01",-0.9,0
"torresa01",-0.2,0
"torreyo01",5.4,0
"tovarce01",28.2,0
"trachst01",0.3,1
"tracych01",5.4,0
"trammal01",70.7,6
"travice01",30.3,3
"traynpi01",38.5,2
"treadje01",6.1,0
"treanma01",1.3,0
"treinbl01",-0.1,1
"treshmi01",2.2,1
"treshto01",22,3
"trevial01",7.9,0
"triangu01",14.1,4
"trillma01",11.2,4
"trombmi01",0,0
"troskha01",30,0
"troutdi01",4.6,2
"troutmi01",82.4,10
"troutst01",0.1,0
"truckvi01",-1.9,2
"trumbma01",9.5,2
"tsitojo01",-1.1,0
"tuckemi01",8.1,0
"tucketo01",25.4,0
"tudorjo01",0,0
"tulowtr01",44.5,5
"turlebo01",-0.8,3
"turneja01",-0.2,0
"turneje01",4.2,0
"turneji01",2,1
"turneju01",34.6,2
"turnete01",37.7,0
"tuttlbi01",5.5,0
"twitcla01",-1.3,0
"twitcwa01",-1,1
"tylerle01",4.2,0
"tysonmi01",-0.4,0
"ueharko01",0,1
"ugglada01",18.2,3
"uhlege01",10.6,0
"underto01",-0.8,0
"unserde01",16.7,0
"upshace01",0.1,0
"upshawi01",13,0
"uptonbj01",16.8,0
"uptonju01",32.3,4
"urbinug01",-0.1,2
"uribejo01",8.7,0
"uribeju01",22.6,0
"utleych01",64.5,6
"vailmi01",2,0
"valbulu01",8.5,0
"valdeis01",-0.4,0
"valenbo02",2,0
"valenda01",6.1,0
"valenel01",17.1,1
"valenfe01",4.1,6
"valenja01",0.8,0
"valenjo02",32.5,0
"valenjo03",31.6,0
"valleda01",10,0
"valoel01",28.8,0
"valvejo01",0.1,3
"vanceda01",-2.7,0
"vandejo01",-1.1,4
"vandejo02",6.2,0
"vangiel01",2,0
"vanhage01",39.9,0
"vanpoto01",0.1,0
"vanslan01",41.3,3
"vargacl01",-1.4,0
"vargail01",1.2,0
"vargaja01",0.2,1
"varitja01",24.2,3
"vaughar01",78,9
"vaughfa01",2.9,0
"vaughgr01",30.9,4
"vaughhi01",-0.3,0
"vaughmo01",27.1,3
"vazquja01",2.2,1
"vazqura01",1.4,0
"veachbo01",48,0
"vealebo01",-2.7,2
"velanjo01",0,0
"velarra01",24.9,0
"velezot01",9.9,0
"venabma01",0.8,0
"venabwi01",13,0
"venturo01",56.1,2
"verasjo01",0,0
"verbaem01",4.7,3
"veresda01",0.2,0
"verlaju01",-0.5,9
"vernomi01",35.6,7
"versazo01",12.6,2
"veryzto01",-3.7,0
"victosh01",31.5,2
"vidrojo01",17.4,3
"villaca01",-0.8,0
"villajo01",12.3,0
"villoro01",-0.7,0
"vinafe01",12.3,1
"vinceni01",-0.1,0
"violafr01",-0.2,3
"virdobi01",19.7,0
"virgioz01",-0.4,0
"virgioz02",9,2
"vittos01",15.3,0
"vizcajo01",7,0
"vizcalu01",-0.1,0
"vizquom01",45.6,3
"vogelda01",1.4,1
"vogelry01",0.7,1
"vogtst01",7,2
"voisebi01",-1.7,1
"vollmcl01",1.9,0
"volqued01",-1.1,1
"vosbeed01",0,0
"vosmijo01",18,1
"vossbi01",0,0
"vottojo01",64.3,6
"vuckope01",-0.3,0
"vukovjo01",-3.5,0
"wachami01",-0.7,1
"wadderu01",-2.5,0
"wadeja01",-0.6,0
"wagnebi02",0,7
"wagneha01",2.5,2
"wagnehe01",17.1,0
"wagneho01",130.8,0
"wagnele01",11.7,3
"wainwad01",4.3,3
"waitked01",14.5,2
"waitsri01",-0.1,0
"wakefti01",-0.2,1
"walbema01",-3.4,0
"walberu01",-2.2,0
"walkbo01",-0.2,1
"walkebi01",-3.6,1
"walkech01",-2.2,0
"walkecu01",22.1,0
"walkedi02",44.9,5
"walkege02",16.3,1
"walkegr01",5.8,0
"walkeha01",12.4,2
"walkeja01",0,0
"walkela01",72.7,5
"walkene01",19.5,0
"walkeru01",-2.4,0
"walketa01",0.3,1
"walketi01",25.7,0
"walketo04",10.5,0
"wallabo01",70.3,0
"wallati01",38.5,5
"wallide01",12,0
"wallsle01",8.1,1
"walshed01",2.1,0
"waltebu01",7,6
"waltero01",0.4,0
"waltoda01",-1.9,0
"waltoje01",3.7,0
"wambsbi01",4,0
"wanerll01",29.6,1
"wanerpa01",74.7,4
"wardaa01",13.9,0
"wardda01",-4.5,0
"warddu01",0,1
"wardga01",17.6,2
"wardjo01",34.3,0
"wardpr01",0.2,0
"wardtu01",4.5,0
"warnejo01",14.8,0
"warnelo01",3.7,5
"warread01",-0.1,0
"warstra01",3.9,0
"wasdeji01",2.9,0
"wasdijo01",0,0
"washbja01",0.4,0
"washbra01",-1.3,0
"washicl01",19.6,2
"washiro01",1.2,0
"washiul01",NA,NA
"wathajo01",4.9,0
"watsoal01",1.6,0
"watsobo01",28.2,2
"watsomu01",-1.2,0
"watsoto01",0,1
"watted01",0.8,0
"weathda01",-0.5,0
"weathro01",9.1,0
"weaveje01",1,0
"weaveje02",-0.3,3
"weaveji01",-2.2,0
"webbsk01",-4.3,0
"weberry01",-0.2,0
"webstle01",3.3,0
"webstmi01",14.3,0
"weeksri01",11.5,1
"wegmabi01",0,0
"wehmehe01",-0.3,0
"wehnejo01",-1.8,0
"weilabo01",-2.2,0
"weisal01",2.4,0
"weisswa01",16.5,1
"welchbo01",0.3,2
"welchcu01",20.5,0
"welchjo01",0.1,0
"welchmi01",-0.8,0
"welleto01",-0.7,0
"wellsbo01",0.1,0
"wellsda01",-0.2,3
"wellsed01",0.1,0
"wellski01",0.8,0
"wellsve01",28.6,3
"wendetu01",-0.1,0
"werbebi01",26.1,0
"werthja01",29.2,1
"wertzvi01",27.1,4
"westbja01",0.3,1
"westda01",0.2,0
"westlwa01",14.7,1
"westrwe01",12.6,2
"westsa01",32.6,4
"wettejo01",0.2,3
"weyhigu01",-9.9,0
"wheatza01",60.5,0
"wheelda01",0.1,0
"wheelha01",-2.3,0
"whisepe01",1.6,0
"whitalo01",75.1,5
"whitebi03",38.6,8
"whitede01",45.7,0
"whitede03",47.3,3
"whitedo01",4.9,0
"whiteea01",0.7,0
"whitefr01",34.8,5
"whitega01",-0.2,0
"whiteha01",-0.9,0
"whiteje01",2.6,0
"whitejo01",3.9,0
"whitema01",14.1,0
"whitema02",0,0
"whiteri01",-0.4,0
"whitero01",46.8,2
"whitero02",28.2,1
"whitesa02",1.8,1
"whitewi01",-4.6,0
"whitfte01",5.7,0
"whitnar01",3.3,0
"whitnji01",8.5,0
"whitnpi01",17.3,1
"whitsed01",-1.4,1
"whitter01",18.3,1
"whittpo01",9.4,0
"wickeda01",-2.5,0
"wickmbo01",0,2
"widgech01",-0.4,0
"wiedmst01",-7.7,0
"wietema01",18.3,4
"wiggity01",2.8,1
"wightbi01",-2.9,0
"wilcomi01",0.3,0
"wilforo01",7.5,0
"wilheho01",-2.9,8
"wilkecu01",0.9,0
"wilkiri01",14,0
"wilkste01",-0.9,0
"willeed01",1.5,0
"willibe02",49.6,5
"willibi01",63.6,6
"willibr01",0.2,0
"willica01",0.1,0
"willicy01",37.5,0
"willidi02",3.4,0
"willido03",4.3,2
"willied01",-1,0
"willige02",6.5,0
"willije02",0.1,0
"williji01",32.6,0
"willijo03",18.9,0
"willike01",43,0
"willima04",46.6,5
"willimi02",0.1,1
"willimi03",-0.2,2
"willine01",36.1,0
"willisc01",-0.2,1
"willist02",-1.6,2
"willite01",122,19
"willivi01",-3.8,0
"williwa02",2.4,0
"williwo02",2.6,1
"willsma01",39.6,7
"wilmowa01",14.3,0
"wilsoar01",14.4,0
"wilsobo02",0.3,0
"wilsocj01",0.2,2
"wilsoda01",13,1
"wilsoea01",7.3,0
"wilsoen01",-5.3,0
"wilsogl01",13,1
"wilsoha01",38.7,0
"wilsoja01",-0.7,0
"wilsoja02",23.5,1
"wilsoji01",11.3,2
"wilsoji02",0.3,3
"wilsojo03",0,0
"wilsoju10",-0.1,0
"wilsomo01",22.4,0
"wilsopr01",6.4,1
"wilsore01",4.6,0
"wilsowi02",46.2,2
"wiltsho01",2.2,0
"winebo01",-2.2,0
"winfida01",64.2,12
"wingoiv01",18,0
"winnihe01",-0.5,0
"winnra01",27.5,1
"wisede01",0.4,0
"wiseri01",4.4,2
"wisesa01",20.3,0
"wislema01",-0.3,0
"witasja01",-0.4,0
"wittbo01",-0.1,0
"wittmi01",0,2
"wittwh01",13,0
"wockejo01",7.1,0
"wohlema01",0.1,1
"wohlfji01",2,0
"wolfji01",18.3,0
"wolfra02",3.3,1
"wolveha01",11.6,0
"womacto01",2.5,1
"wongko01",22.9,0
"woodal02",-0.9,1
"woodala01",3.1,0
"woodeha01",-1.1,1
"woodge01",19.7,0
"woodjo02",10.5,0
"woodke02",0.8,2
"woodlge01",33.3,1
"woodwch01",1.1,0
"woodwi01",-2.1,3
"woodwwo01",1.6,0
"worreti01",-0.2,0
"worreto01",-0.2,3
"worthal01",-1,0
"wrighcl01",1.8,1
"wrighda03",49.2,7
"wrighge01",23.2,0
"wrighgl01",25.3,0
"wrighja01",-1,0
"wrighja02",-0.1,0
"wrighru01",6.3,0
"wrighto01",0.5,0
"wrighwe01",-0.1,0
"wyattjo02",-0.8,1
"wyattwh01",2.1,4
"wynegbu01",26.5,2
"wynnea01",9.5,9
"wynnji01",55.7,3
"wyrosjo01",12.2,2
"yanes01",0.3,0
"yastrca01",96.5,18
"yeagejo01",9,0
"yeagest01",17.9,0
"yelicch01",36.1,2
"yorkru01",31.7,7
"yorkto01",19.6,0
"yosted01",35,1
"youklke01",32.4,3
"youngba01",11.3,0
"youngch03",0.6,1
"youngch04",16.5,1
"youngcu01",0,0
"youngcy01",-2,0
"youngde03",3.2,0
"youngdm01",12.2,2
"younger01",18.8,1
"younger03",1.4,0
"youngjo02",10.5,1
"youngke01",5.9,0
"youngma01",0,1
"youngmi02",24.7,7
"youngpe01",5.6,0
"youngro01",32.7,0
"yountro01",77.4,3
"zachato01",2.4,0
"zachrpa01",-1.2,1
"zahnge01",-0.2,0
"zambrca01",5.6,3
"zarilal01",7,1
"zaungr01",13.7,0
"zeidero01",6,0
"zeileto01",19.4,0
"zernigu01",8.4,1
"zieglbr01",0,0
"zimmech01",29.4,0
"zimmedo01",2.7,2
"zimmehe01",33.6,0
"zimmejo02",0.8,2
"zimmery01",40.1,2
"ziskri01",25,2
"zitoba01",-1.1,3
"zobribe01",44.5,3
"zoldasa01",-0.4,0
"zuberbi01",-0.9,0
"zuninmi01",9.8,1
"zuverge01",-0.3,0
